County Code,County Description,LEA,School Name --------------------------------,Official School Name --------------------------------,Principal/Director Name Prefix,Principal/Director First Name,Principal/Director Middle Name,Principal/Director Last Name,Principal/Director Name Suffix,Principal/Director Email,Board Chair Name Prefix,Board Chair First Name,Board Chair Middle Name,Board Chair Last Name,Board Chair Name Suffix,Board Chair Email,Address Line1 -------------------,Address Line2,City,State,Zip Code 5,Mailing Address Line1 ---------------,Mailing Address Line2,Mailing City,Mailing State,Mailing Zip Code 5,Phone,Fax,Opening Effective Date,Grade Level Current,Grade Level Approved,Virtual Status
32,Durham,00A,North Carolina Cyber Academy,North Carolina Cyber Academy,Mr,Martez,-,Hill,-,mhill@myncca.com,-,Jill,-,Hammergren,-,jhammergren@myncc.com,2800 Meridian Parkway,Suite 150,Durham,NC,27713,-,-,-,-,-,984.262.9237,919.406.0063,07/01/2015,KG:01:02:03:04:05:06:07:08:09:10:11:12,KG:01:02:03:04:05:06:07:08:09:10:11:12,FULLVIRTUAL
32,Durham,00B,NC Virtual Academy,NC Virtual Academy,-,Marcia,-,Simmons,-,masimmons@k12.com,-,Steve,-,Moody,-,smoody@ncvacademy.org,4220 NC Highway 55,Suite 130,Durham,NC,27713,-,-,-,-,-,919.346.0121,919.324.6597,07/01/2015,KG:01:02:03:04:05:06:07:08:09:10:11:12,KG:01:02:03:04:05:06:07:08:09:10:11:12,FULLVIRTUAL
1,Alamance,01B,River Mill Academy,River Mill Academy,Mr,Jeffrey,-,Dishmon,-,jdishmon@rivermill-academy.org,-,Brent ,-,Smith,-,bsmith@rivermill-academy.org,235 Cheeks Lane,-,Graham,NC,27253,-,-,-,-,-,336.229.0909,336.228.9941,06/30/1998,KG:01:02:03:04:05:06:07:08:09:10:11:12,KG:01:02:03:04:05:06:07:08:09:10:11:12,NOTVIRTUAL
1,Alamance,01C,Clover Garden,Clover Garden,Mrs,Heather,-,Vereyken,-,heathervereyken@cgsnc.org,Ms,Catherine,-,June,-,cathyajune@gmail.com,2454 Altamahaw Union Ridge Road,-,Burlington,NC,27217,-,-,-,-,-,336.586.9440,336.586.9477,06/30/2001,KG:01:02:03:04:05:06:07:08:09:10:11:12,KG:01:02:03:04:05:06:07:08:09:10:11:12,NOTVIRTUAL
1,Alamance,01D,The Hawbridge School,The Hawbridge School,Ms,Jennifer,-,Shelton,-,jshelton@hawbridgeschool.org,Mrs,Natalya,-,Barker,-,nbarker@hawbridgeschool.org,1735 Saxapahaw Bethlehem Church Rd,-,Saxapahaw,NC,27340,PO Box 40,-,Saxapahaw,NC,27340,336.376.1122,336.376.6996,07/01/2004,KG:01:02:03:04:05:06:07:08:09:10:11:12,KG:01:02:03:04:05:06:07:08:09:10:11:12,NOTVIRTUAL
1,Alamance,01F,Alamance Community School,Alamance Community School,Mrs,Leslie,Hall,Paynter,-,lpaynter@alamancecommunityschool.net,Mrs,Natalie ,Wu,Turner,-,nwu.2485@gmail.com,195 Kronbergs Court,-,Haw River,NC,27258,-,-,-,-,-,336.270.5052,336.270.5062,07/01/2020,KG:01:02:03:04,KG:01:02:03:04:05:06:07:08,NOTVIRTUAL
6,Avery,06B,Marjorie Williams Academy,Marjorie Williams Academy,Dr,Cyndi,H,Austin,-,caustin@williamsacademy.org,-,Traci,-,Royster,-,boardmember@williamsacademy.org ,129 Allen Circle,-,Crossnore,NC,28616,PO Box 309,-,Crossnore,NC,28616,828.733.5241,828.737.7915,06/30/1999,KG:01:02:03:04:05:06:07:08:09:10:11:12,KG:01:02:03:04:05:06:07:08:09:10:11:12,NOTVIRTUAL
7,Beaufort,07A,Washington Montessori,Washington Montessori Public Charter School,Mr,Austin, ,Smigel,-,austin.smigel@wmpcs.org,Mr,Jamie,-,Midgette,-,jamie.midgette@wmpcs.org,2330 Old Bath Hwy,-,Washington,NC,27889,-,-,-,-,-,252.946.1977,252.946.5938,06/30/2000,KG:01:02:03:04:05:06:07:08:09:10:11:12,KG:01:02:03:04:05:06:07:08:09:10:11:12,NOTVIRTUAL
9,Bladen,09A,Paul R. Brown Leadership Academy,Paul R. Brown Leadership Academy,Dr,Jason,M.,Wray,-,jwray@prbla.org,Dr,Leroy,-,Purdie,-,lpurdie51@gmail.com,1360 Martin L King Jr Dr,-,Elizabethtown,NC,28337,PO Box 1433,-,Elizabethtown,NC,28337,910.862.2965,910.862.3054,07/01/2013,06:07:08:09:10:11:12,06:07:08:09:10:11:12,NOTVIRTUAL
9,Bladen,09B,Emereau: Bladen,Emereau: Bladen,Mrs,Elizabeth,-,Cole,-,elizabethcole@emereau.org,Mrs,Ashley,-,Dowless,-,ashleydowless@emereau.org,995 Airport Rd,-,Elizabethtown,NC,28337,PO Box 547,-,Elizabethtown,NC,28337,910.247.6595,910.247.6643,07/01/2017,KG:01:02:03:04:05:06:07:08,KG:01:02:03:04:05:06:07:08:09:10:11:12,NOTVIRTUAL
10,Brunswick,10A,Classical Charter Schools of Leland ,Classical Charter Schools of Leland,Mrs,Laurie,-,Benton,-,lbenton@rogerbacon.net,Mr,Robert ,-,Spencer,-,rspencer@charterdayschool.org,7055 Bacon's Way,-,Leland,NC,28451,-,-,-,-,-,910.655.1214,910.655.1549,06/30/2000,KG:01:02:03:04:05:06:07:08,KG:01:02:03:04:05:06:07:08,NOTVIRTUAL
10,Brunswick,10B,Classical Charter Schools of Southport,Classical Charter Schools of Southport,-,Kaitlin,-,Warren,-,kwarren@rogerbacon.net,-,Robert,Paul,Spencer,-, rpspencer@att.net.,2260 Achievement Ave SE,-,Bolivia,NC,28422,-,-,-,-,-,910.338.4178,910.338.4179,07/01/2014,KG:01:02:03:04:05:06,KG:01:02:03:04:05:06:07:08,NOTVIRTUAL
11,Buncombe,11A,Evergreen Community Charter,Evergreen Community Charter,Dr,Susan,C.,Mertz,-,susan.mertz@evergreenccs.org,Ms,Alicia,-,Cole,-,kellansmom06@gmail.com,50 Bell Road,-,Asheville,NC,28805,-,-,-,-,-,828.298.2173,828.298.2269,06/30/1999,KG:01:02:03:04:05:06:07:08,KG:01:02:03:04:05:06:07:08,NOTVIRTUAL
11,Buncombe,11B,ArtSpace Charter School,ArtSpace Charter School,Dr,Sarena,-,Fuller,-,sarena.fuller@artspacecharter.org,-,Candace,-,Reilly,-,candace.reilly@artspacecharter.org,2030 US Hwy 70,-,Swannanoa,NC,28778,-,-,-,-,-,828.298.2787,828.298.6221,06/30/2001,KG:01:02:03:04:05:06:07:08,KG:01:02:03:04:05:06:07:08,NOTVIRTUAL
11,Buncombe,11C,IC Imagine ,IC Imagine ,-,Laura ,Jennifer,Townley,-,jennifertownley@icimagine.org,-,Adam,-,Kissel,-,adamkissel@icimagine.org,110 Champion Way,-,Asheville,NC,28806,-,-,-,-,-,828.633.6491,828.633.6494,07/01/2014,KG:01:02:03:04:05:06:07:08:09:10:11:12,KG:01:02:03:04:05:06:07:08:09:10:11:12,NOTVIRTUAL
11,Buncombe,11D,The Franklin School of Innovation,The Franklin School of Innovation,-,Michelle,-,Vruwink,-,mvruwink@theFSI.us,-,Alisa ,-,Hove,-,ahove@thefsi.us,21 Innovation Dr,-,Asheville,NC,28806,-,-,-,-,-,828.318.8143,828.318.8125,07/01/2014,05:06:07:08:09:10:11:12,05:06:07:08:09:10:11:12,NOTVIRTUAL
11,Buncombe,11F,Asheville PEAK Academy,Asheville PEAK Academy,Dr,Sherry,-,Poole,-,sherry.poole@ashevillepeakacademy.org,-,-,-,-,-,-,27 Balm Grove Avenue,-,Asheville,NC,28806,-,-,-,-,-,828.333.5430,-,07/01/2021,KG:01:02,KG:01:02:03:04:05:06:07:08,NOTVIRTUAL
11,Buncombe,11K,Francine Delany New School,Francine Delany New School for Children,Ms,Buffy,-,Fowler,-,buffy@fdnsc.net,Ms,Patricia ,-,Waters,-,Patricia@fdnsc.net,119 Brevard Road,-,Asheville,NC,28806,-,-,-,-,-,828.236.9441,828.236.9442,06/30/1997,KG:01:02:03:04:05:06:07:08,KG:01:02:03:04:05:06:07:08,NOTVIRTUAL
12,Burke,12A,New Dimensions,New Dimensions: A Public Charter School,Dr,David,-,Burleson,-,dburleson@ndschool.org,Mrs,Regina,-,Rhodes,-,rrhodes@ndschool.org,550 Lenoir Road,-,Morganton,NC,28655,-,-,-,-,-,828.437.5753,828.437.2980,06/30/2001,KG:01:02:03:04:05:06:07:08,KG:01:02:03:04:05:06:07:08,NOTVIRTUAL
13,Cabarrus,13A,Carolina International School,Carolina International School,Dr,Paul,-,Bryant,-,paulbryant@ciscomets.com,Mrs,Kasi,-,Eagle,-,kasi.eagle@gmail.com,9545 Poplar Tent Road,-,Concord,NC,28027,-,-,-,-,-,704.455.3847,704.455.4672,07/01/2004,KG:01:02:03:04:05:06:07:08:09:10:11:12,KG:01:02:03:04:05:06:07:08:09:10:11:12,NOTVIRTUAL
13,Cabarrus,13B,Cabarrus Charter Academy,Cabarrus Charter Academy,Ms,Kim,S.,White,-,kwhite@cabarruscharter.org,Mr,Martin,-,Conway,-,mconway@nccharterfoundation.org,355 Poplar Crossing Dr NW,-,Concord,NC,28027,-,-,-,-,-,704.789.2500,704.789.2501,07/01/2013,KG:01:02:03:04:05:06:07:08:09:10:11:12,KG:01:02:03:04:05:06:07:08:09:10:11:12,NOTVIRTUAL
13,Cabarrus,13C,A.C.E. Academy,A.C.E. Academy,-,Laila,-,Minott,-,l.minott@aceacademycharter.org,Mrs,Gwen,-,Abdullah,-,g.abdullah@aceacademycharter.org,7807 Caldwell Road,-,Harrisburg,NC,28075,-,-,-,-,-,704.456.7153,704.626.2655,07/01/2014,KG:01:02:03:04:05:06:07:08,KG:01:02:03:04:05:06:07:08,NOTVIRTUAL
13,Cabarrus,13D,Concord Lake STEAM Academy,Concord Lake STEAM Academy,Mrs,Kendra,-,Woods,-,KWoods@ConcordLakeAcademy.org,Mr,Martin,-,Conway,-,mconway@nccharterfoundation.org,1911 Concord Lake Road,-,Kannapolis,NC,28083,-,-,-,-,-,704.273.5310,704.273.5326,07/01/2016,KG:01:02:03:04:05:06:07:08,KG:01:02:03:04:05:06:07:08,NOTVIRTUAL
16,Carteret,16B,Tiller School,Tiller School,Mrs,Kelly,-,Riley,-,executivedirector@tillerschool.org,Mr,Dave,-,Cerino,-,dcerino@tillerschool.org,1950 Live Oak Street,-,Beaufort,NC,28516,-,-,-,-,-,252.728.1995,252.728.3711,06/30/1998,KG:01:02:03:04:05,KG:01:02:03:04:05,NOTVIRTUAL
19,Chatham,19A,Chatham Charter,Chatham Charter,Dr,John,-,Eldridge,-,jeldridge@chathamcharter.org,Mr,Erik,-,Christenbury,-,echristenbury@board.chathamcharter.org,2200 Hamp Stone Rd,-,Siler City,NC,27344,PO Box 245,-,Siler City,NC,27344,919.742.4550,919.742.2518,06/30/1997,KG:01:02:03:04:05:06:07:08:09:10:11:12,KG:01:02:03:04:05:06:07:08:09:10:11:12,NOTVIRTUAL
19,Chatham,19B,Woods Charter,Woods Charter,Mr,Cotton,-,Bryan,-,cbryan@woodscharter.org,Ms,Amy,-,Ising,-,aising@woodscharter.org,160 Woodland Grove Ln,-,Chapel Hill,NC,27516,-,-,-,-,-,919.960.8353,919.960.0421,06/30/1998,KG:01:02:03:04:05:06:07:08:09:10:11:12,KG:01:02:03:04:05:06:07:08:09:10:11:12,SUPPVIRTUAL
19,Chatham,19C,Willow Oak Montessori,Willow Oak Montessori,Ms,Catherine,-,Oudjit,-,coudjit@willowoakmontessori.org,-,Charleen,-,Cody,-,ccody2@willowoakmontessori.org,1476 Andrews Store Road,-,Pittsboro,NC,27312,-,-,-,-,-,919.240.7787,919.869.1790,07/01/2013,KG:01:02:03:04:05:06:07:08,KG:01:02:03:04:05:06:07:08,NOTVIRTUAL
20,Cherokee,20A,The Learning Center,The Learning Center,-,Stephanie,-,Hopper,-,stephanie@naturallygrownkids.org,Ms,Denise,-,Richards,-,drich2763@gmail.com,945 Conaheeta Street,-,Murphy,NC,28906,-,-,-,-,-,828.835.7240,828.835.9471,06/30/1997,KG:01:02:03:04:05:06:07:08:09,KG:01:02:03:04:05:06:07:08:09,NOTVIRTUAL
23,Cleveland,23A,Pinnacle Classical Academy,Pinnacle Classical Academy,Dr,Shelly,-,Bullard,-,sbullard@pinnacleclassicalacademy.com,Ms,Debbie,-,Clary,-,dclary@pinnacleclassicalacademy.com ,2401 Joes Lake Rd,-,Shelby,NC,28152,-,-,-,-,-,704.740.4040,704.482.5527,07/01/2013,KG:01:02:03:04:05:06:07:08:09:10:11:12,KG:01:02:03:04:05:06:07:08:09:10:11:12,NOTVIRTUAL
24,Columbus,24B,Thomas Academy,Thomas Academy,Dr,Cathy,Callihan,Gantz,-,cathy.gantz@thomasacademync.org,Mr,Owen,-,Robinson,-,orobinson814@gmail.com,206-B Rube MCCRAY Circle,-,Lake Waccamaw,NC,28450,PO Box 300,-,Lake Waccamaw,NC,28450,910.646.2237,910.646.5083,07/01/2013,06:07:08:09:10:11:12,06:07:08:09:10:11:12,NOTVIRTUAL
24,Columbus,24N,Classical Charter Schools of Whiteville,Classical Charter Schools of Whiteville,Mrs,Dawn,-,Ivey,-,divey@rogerbacon.net,Mr,Robert,-,Spencer,-,rspencer@charterdayschool.org,35 Bacon's Way,-,Whiteville,NC,28472,-,-,-,-,-,910.641.4042,910.641.9014,07/01/2008,KG:01:02:03:04:05:06:07:08,KG:01:02:03:04:05:06:07:08,NOTVIRTUAL
26,Cumberland,26B,Alpha Academy,Alpha Academy,Mr,Eugene,-,Slocum,-,ESlocum@alphaacademy.net,Mr,Simon,-,Johnson,-,Sjohnson@kumasi-management.com,8030 Raeford Road,-,Fayetteville,NC,28304,PO Box 26179,-,Fayetteville,NC,28314,910.223.7711,910.678.9011,06/27/2000,KG:01:02:03:04:05:06:07:08:09:10:11:12,KG:01:02:03:04:05:06:07:08:09:10:11:12,NOTVIRTUAL
26,Cumberland,26C,The Capitol Encore Academy,The Capitol Encore Academy,Mr,Gerard,-,Falls,-,gerard.falls@capitolencoreacademy.org,Mrs,Wendy,-,Hustwit,-,wendy.hustwit@gmail.com,126 Hay Street,-,Fayetteville,NC,28301,-,-,-,-,-,910.849.0888,910.491.6786,07/01/2014,KG:01:02:03:04:05:06:07:08,KG:01:02:03:04:05:06:07:08:09:10:11:12,FACEVIRTUAL
27,Currituck,27A,Water's Edge Village School,Water's Edge Village School,-,Sylvia,-,Wolff,-,wolff@watersedgevillageschool.com,-,Meghan ,-,Agresto,-,corollaeducation@gmail.com,1126 Schoolhouse Lane,-,Corolla,NC,27927,PO Box 215,-,Corolla,NC,27927,252.453.4502,252.453.3154,07/01/2012,KG:01:02:03:04:05:06:07:08,KG:01:02:03:04:05:06:07:08,NOTVIRTUAL
29,Davidson,29A,Davidson Charter Academy,Davidson Charter Academy,Mrs,Lori,-,James,-,ljames@davidsoncharter.org,Mr,Greg,-,Turlington,-,gturlington.board@davidsoncharter.org,500 Biesecker Rd,-,Lexington,NC,27295,-,-,-,-,-,336.803.7809,336.843.4720,07/01/2018,KG:01:02:03:04:05:06:07,KG:01:02:03:04:05:06:07:08,NOTVIRTUAL
32,Durham,32A,Maureen Joy Charter School,Maureen Joy Charter School,Mr,Mark,-,Bailey,-,mbailey@joycharter.org,Mrs,Helen,-,Bryant,-,helbrya9@aol.com,107 South Driver Street,-,Durham,NC,27703,-,-,-,-,-,919.908.1600,919.402.4263,06/30/1997,KG:01:02:03:04:05:06:07:08,KG:01:02:03:04:05:06:07:08,NOTVIRTUAL
32,Durham,32B,Healthy Start Academy,Healthy Start Academy,Mr,Alex,-,Quigley,-,aquigley@healthystartacademy.org,Mrs,Elizabeth,Gnatek,Morey,-,liz@morey.com,807 West Chapel Hill Street,-,Durham,NC,27701,-,-,-,-,-,919.956.5599,919.688.9027,06/30/1997,KG:01:02:03:04:05:06:07:08,KG:01:02:03:04:05:06:07:08,NOTVIRTUAL
32,Durham,32C,Community School of Digital & Visual Art,Community School of Digital and Visual Arts ,Ms,LaManda,-,Pryor,-,Lpryor@carterschool.org,Mr,Joe,-,Battle ,-,joebnc@gmail.com,1955 West Cornwallis Road,-,Durham,NC,27705,-,-,-,-,-,919.797.2340,919.797.2343,06/30/1998,KG:01:02:03:04:05:06:07:08,KG:01:02:03:04:05:06:07:08,NOTVIRTUAL
32,Durham,32D,Kestrel Heights School,Kestrel Heights School,Ms,Tonya,-,Jackson,-,jackson@kestrelheights.org,Mrs,Adrienne,-,Davis,-,AdrienneDavis@Kestrelheights.org,4700 South Alston Ave.,-,Durham,NC,27713,-,-,-,-,-,919.484.1300,919.484.1355,06/30/1998,KG:01:02:03:04:05:06:07:08,KG:01:02:03:04:05:06:07:08,SUPPVIRTUAL
32,Durham,32H,Research Triangle Charter,Research Triangle Charter Academy,Mrs,Melanie,Butler,Stack,-,40.mstack2@nhaschools.com,-,Elizabeth,-,Gnatek-Morey,-,Liz@morey.com,2418 Ellis Road,-,Durham,NC,27703,-,-,-,-,-,919.957.7108,919.287.2216,06/30/1999,KG:01:02:03:04:05:06:07:08,KG:01:02:03:04:05:06:07:08,NOTVIRTUAL
32,Durham,32K,Central Park School For Child,Central Park School for Children,Mr,John,-,Heffernan,-,john@cpsfc.org,Ms,Marcia,-,Brooks,-,lacsmarcia@gmail.com,724 Foster Street,-,Durham,NC,27701,-,-,-,-,-,919.682.1200,919.680.6381,06/30/2003,KG:01:02:03:04:05:06:07:08,KG:01:02:03:04:05:06:07:08,NOTVIRTUAL
32,Durham,32L,Voyager Academy,Voyager Academy,-,Ellie,-,Schollmeyer,-,eschollmeyer@voyageracademy.net,-,Marlee,-,Krieger,-,marlee.krieger@voyageracademy.net,101 Hock Parc Drive,-,Durham,NC,27704,101 Hock Parc Drive,-,Durham,NC,27704,919.433.3301,919.433.3305,07/02/2007,KG:01:02:03:04:05:06:07:08:09:10:11:12,KG:01:02:03:04:05:06:07:08:09:10:11:12,NOTVIRTUAL
32,Durham,32M,Global Scholars Academy,Global Scholars Academy,Dr,Trixie,-,Brooks ,-,tbrooks@globalscholarsacademy.org,Dr,James ,H,Johnson,Jr,JohnsonJ@kenan-flagler.unc.edu ,311 Dowd St,-,Durham,NC,27701,-,-,-,-,-,919.682.5903,919.956.8535,07/01/2011,KG:01:02:03:04:05:06:07:08,KG:01:02:03:04:05:06:07:08,NOTVIRTUAL
32,Durham,32N,Research Triangle High School,Research Triangle High School,-,Eric,Adam,Grunden,-,egrunden@rthighschool.org,-,Sondra,-,Rivers-Kobler,-,srkobler@gmail.com,3106 East NC Highway 54,-,Durham,NC,27709,PO Box 13453,-,Research Triangle Pk,NC,27709,919.998.6757,919.998.3402,07/01/2012,09:10:11:12,09:10:11:12,SUPPVIRTUAL
32,Durham,32P,The Institute Development Young Leaders,The Institute for the Development of Young Leaders,Mrs,Yvette,-,Munroe,-,yvette.munroe@theidylschool.org,Dr,Christopher,-,Edwards,-,christopher.edwards@ncrr.com,4300 S. Miami Blvd.,-,Durham,NC,27703,-,-,-,-,-,919.308.9731,919..,07/01/2013,KG:01:02:03:04:05:06:07:08,KG:01:02:03:04:05:06:07:08,NOTVIRTUAL
32,Durham,32Q,Reaching All Minds Academy,Reaching All Minds Academy,Mr,Thomas ,C.,Mckoy,-,tmckoy@reachingallminds.com,Mrs,Annie ,-,Mckoy,-,amckoy@reachingallminds.com,2703 Holloway St.,-,Durham,NC,27703,-,-,-,-,-,919.596.1899,919.882.8339,07/01/2014,KG:01:02:03:04:05:06:07:08,KG:01:02:03:04:05:06:07:08,NOTVIRTUAL
32,Durham,32R,Excelsior Classical Academy,Excelsior Classical Academy CFA,-,Cynthia,R,Gadol,-,cynthia.gadol@excelsiorca.org,-,Scott,-,Sipe,-,scott.sipe@excelsiorca.org,4100 N Roxboro Street,-,Durham,NC,27704,-,-,-,-,-,919.213.8585,984.219.2610,07/01/2015,KG:01:02:03:04:05:06:07:08:09:10,KG:01:02:03:04:05:06:07:08:09:10:11:12,NOTVIRTUAL
32,Durham,32S,KIPP Durham College Preparatory,KIPP Durham College Preparatory,-,Tim,-,Saintsing,-,durhamadmin@kippnc.org,Mr,Dinesh,-,Chopra,-,boardchair@kippnc.org,1107 Holloway Street,-,Durham,NC,27701,-,-,-,-,-,919.973.0285,919.973.0692,07/01/2015,05:06:07:08,05:06:07:08,NOTVIRTUAL
32,Durham,32T,Discovery Charter,Discovery Charter School,-,Toni,-,Shellady,-,tshellady@discoverycharterdurham.org,-,Carl ,-,Forsyth,-,cforsyth@discoverycharterdurham.org,501 Orange Factory Road,-,Bahama,NC,27503,PO Box 72117,-,Durham,NC,27722,984.888.5504,984.888.5278,07/01/2019,6:07:08,6:07:08,NOTVIRTUAL
33,Edgecombe,33A,North East Carolina Prep,North East Carolina Preparatory,Mr,William,Joseph,Etheridge,-,etheridgewj@necprepschool.com ,Mr,Anne,-,Mann,-,manna@necprepschool.com,274 Husky Trail,-,Tarboro,NC,27886,-,-,-,-,-,252.641.0464,252.641.1816,07/01/2012,PK:KG:01:02:03:04:05:06:07:08:09:10:11:12,PK:KG:01:02:03:04:05:06:07:08:09:10:11:12,NOTVIRTUAL
34,Forsyth,34B,Quality Education Academy,Quality Education Academy,-,Tonya,-,Bellanger,-,qualityeducation@qeschools.org,Mr,Jefferson,R,Caruthers,Jr,jcaruthers@qeschools.org,5012-D Lansing Drive,-,Winston-Salem,NC,27105,5012-D Lansing Drive,-,Winston-Salem,NC,27105,336.744.0804,336.666.2322,06/30/1997,KG:01:02:03:04:05:06:07:08:09:10:11:12,KG:01:02:03:04:05:06:07:08:09:10:11:12,SUPPVIRTUAL
34,Forsyth,34D,Carter G. Woodson School,Carter G. Woodson School,Mr,Benjamin,-,Harris,-,bharris@cartergwoodsonschool.org,Ms,Arianna,-,Vargas,-,arivargas97@yahoo.com,437 Goldfloss Street,-,Winston-Salem,NC,27127,-,-,-,-,-,336.723.6838,336.723.6425,06/30/1997,KG:01:02:03:04:05:06:07:08:09:10:11:12,KG:01:02:03:04:05:06:07:08:10:11:12,NOTVIRTUAL
34,Forsyth,34F,Forsyth Academy,Forsyth Academy,Mrs,Wendy,-,Barajas,-,25.wbarajas@nhaschools.com,Dr,Derrick,-,Boone,-,booneds@wfu.edu,5426 Shattalon Drive,-,Winston-Salem,NC,27106,-,-,-,-,-,336.922.1121,336.922.1033,06/30/1999,KG:01:02:03:04:05:06:07:08,KG:01:02:03:04:05:06:07:08,NOTVIRTUAL
34,Forsyth,34G,The Arts Based School,The Arts Based School,Ms,Robin,M,Hollis,-,rhollis@artsbasedschool.com,-,Dara,-,Silver,-,dara_silver@hotmail.com ,1380 Martin Luther King Jr Dr,-,Winston-Salem,NC,27101,-,-,-,-,-,336.748.4116,336.748.4117,06/30/2002,KG:01:02:03:04:05:06:07:08,KG:01:02:03:04:05:06:07:08,NOTVIRTUAL
34,Forsyth,34H,NC Leadership Charter Academy,NC Leadership Charter Academy,Mrs,Renee,H,Faenza,-,rfaenza@thencla.org,-,James ,-,Davis,-,jdavis@thencla.org,4353 High Point Rd,-,Kernersville,NC,27284,-,-,-,-,-,336.992.2710,336.769.2254,07/01/2013,KG:01:02:03:04:05:06:07:08:09:10:11:12,KG:01:02:03:04:05:06:07:08:09:10:11:12,NOTVIRTUAL
35,Franklin,35A,Crosscreek Charter School,Crosscreek Charter School,Ms,Robin,H,Jackson,-,rjackson@crosscreekcharterschool.com,Mr,Mike,-,Senter,-,ccsboard@crosscreekcharterschool.com,100 East River Road,-,Louisburg,NC,27549,-,-,-,-,-,919.497.3198,844.744.8645,06/30/2001,KG:01:02:03:04:05:06:07:08,KG:01:02:03:04:05:06:07:08,NOTVIRTUAL
35,Franklin,35B,Youngsville Academy,Youngsville Academy,Mr,Larry,D,Henson,-,larry.henson@youngsvilleacademy.org,Mr,John,R,Allen,-,john.allen@youngsvilleacademy.org,2045 Hicks Rd,-,Youngsville,NC,27596,2045 Hicks Rd,-,Youngsville,NC,27596,984.235.4620,984.235.7835,07/01/2015,KG:01:02:03:04:05:06:07:08,KG:01:02:03:04:05:06:07:08:09:10:11:12,NOTVIRTUAL
36,Gaston,36B,Piedmont Community Charter School,Piedmont Community Charter School,Mrs,Jennifer,Holt,Killen,-,jennifer.killen@pccharter.org,Mr,Alex ,-,Poole,-,alex.poole@pccharter.org,119 E. 2nd Avenue,-,Gastonia,NC,28052,PO Box 3706,-,Gastonia,NC,28054,704.853.2428,704.854.3067,06/30/2000,KG:01:02:03:04:05:06:07:08:09:10:11:12,KG:01:02:03:04:05:06:07:08:09:10:11:12,SUPPVIRTUAL
36,Gaston,36C,Mountain Island Charter School,Mountain Island Charter School Inc,Mr,Ronald,-,Byrum,-,gbyrum@micharter.org,Mr,Kevin,-,Wiley,-,kwiley@micharter.org,13440 Lucia Riverbend Highway,-,Mt. Holly,NC,28120,-,-,-,-,-,704.827.8840,704.827.8675,07/01/2010,KG:01:02:03:04:05:06:07:08:09:10:11:12,KG:01:02:03:04:05:06:07:08:09:10:11:12,NOTVIRTUAL
36,Gaston,36F,Ridgeview Charter School,Ridgeview Charter School,-,Reshall ,-,Williams,-,rcsprincipal@ridgeviewcharter.org,-,Shezarrah ,-,Keane,-,shezkeane@gmail.com,207 W. Bradley St.,-,Gastonia,NC,28052,-,-,-,-,-,704.867.6635,-,07/01/2019,KG:01:02:03:04:05:06,KG:01:02:03:04:05:06:07:08,NOTVIRTUAL
36,Gaston,36G,Community Public Charter,Community Public Charter,Mrs,Sherry,N,Reynolds,-,sreynolds@cpcsnc.org,Mr,Eddie,-,McGinnis,-,emcginnis@cpcsnc.org,400 Ralph Handsel Blvd.,-,Stanley,NC,28164,-,-,-,-,-,704.931.4418,704.931.4188,07/01/2019,KG:01:02:03:04:05:06:07,KG:01:02:03:04:05:06:07:08,NOTVIRTUAL
39,Granville,39A,Falls Lake Academy,Falls Lake Academy,Ms,Amy,-,Hobgood,-,amyhobgood@fallslakeacademy.com,Mrs,Samantha,-,Dale,-,samanthadale@fallslakeacademy.com,1701 East Lyon Station Road,-,Creedmoor,NC,27522,-,-,-,-,-,919.964.9003,919.964.9008,07/01/2013,KG:01:02:03:04:05:06:07:08:09:10:11:12,KG:01:02:03:04:05:06:07:08:09:10:11:12,NOTVIRTUAL
39,Granville,39B,Oxford Preparatory,Oxford Preparatory School,-,Andrew,-,Swanner,-,swannerab@oxfordprep.org,-,Randy,-,Reese,-,Randy.Reese@truist.com ,6041 Landis Rd,-,Oxford,NC,27565,-,-,-,-,-,919.690.0360,919.690.0230,07/01/2013,KG:01:02:03:04:05:06:07:08:09:10:11:12,KG:01:02:03:04:05:06:07:08:09:10:11:12,NOTVIRTUAL
41,Guilford,41B,Greensboro Academy,Greensboro Academy,Mrs,Tracey ,-,Duhaime,-,20.tduhaime@nhaschools.com,Mr,Robert ,-,Gray,-,gray10@aol.com,4049 Battleground Ave,-,Greensboro,NC,27410,-,-,-,-,-,336.286.8404,336.464.2753,06/30/1999,KG:01:02:03:04:05:06:07:08,KG:01:02:03:04:05:06:07:08,NOTVIRTUAL
41,Guilford,41C,Guilford Preparatory Academy,Guilford Preparatory Academy,Mrs,Robin,EH,Bateson,-,rbateson@guilfordprep.org,Mr,Alton,-,Woods,-,altonwoods06@gmail.com,2240 East Cone Blvd,-,Greensboro,NC,27405,-,-,-,-,-,336.954.1344,336.954.1965,06/30/2001,KG:01:02:03:04:05:06:07:08,KG:01:02:03:04:05:06:07:08,NOTVIRTUAL
41,Guilford,41D,"Phoenix Academy-  Primary, Elem. Upper ",Phoenix Academy Inc,Mrs,Heather,A,McNees,-,hmcnees@pahp.com,Mr,Perry ,-,Flynn,-,pfflynn@uncg.edu,7847 Clinard Farms Rd.,Meeting Way St. &  Mendenhall Oakes,High Point,NC,27265,7847 Clinard Farm Road,-,High Point,NC,27265,336.848.1870,336.464.2070,06/30/2000,KG:01:02:03:04:05:06:07:08:09:10,KG:01:02:03:04:05:06:07:08:09:10,FACEVIRTUAL
41,Guilford,41F,Triad Math and Science Academy,Triad Math and Science Academy,Mr,Fatih,-,Kandil,-,fkandil@tmsacharter.org,Dr,Terrence,-,Thomas,-,tthomas@tmsapcs.org,700 Creek Ridge Rd,-,Greensboro,NC,27406,-,-,-,-,-,336.621.0061,336.621.0072,07/01/2008,KG:01:02:03:04:05:06:07:08:09:10:11:12,KG:01:02:03:04:05:06:07:08:09:10:11:12,NOTVIRTUAL
41,Guilford,41G,Cornerstone Charter Academy-CFA,Cornerstone Charter Academy: A Challenge Foundation Academy,Mr,Joe,-,Caraher,-,jcaraher@cornerstonek12.org,Mr,Cyndie,-,Swindlehurst,-,cswindlehurst@cornerstonek12.org,7800 Airport Center Drive,-,Greensboro,NC,27409,-,-,-,-,-,336.482.3855,336.482.3857,07/01/2012,KG:01:02:03:04:05:06:07:08:09:10:11:12,KG:01:02:03:04:05:06:07:08:09:10:11:12,NOTVIRTUAL
41,Guilford,41H,College Prep and Leadership Academy,The College Preparatory and Leadership Academy of High Point,Dr,Michelle ,-,Johnson,-,mjohnson@thepointcollegeprep.org,Mr,Kevin,-,Grier,-,board@thepointcollegeprep.org,4201 Furniture Avenue,-,Jamestown,NC,27282,5700 Riverdale Drive,-,Jamestown,NC,27282,336.884.0131,336.542.2083,07/01/2012,KG:01:02:03:04:05:06:07:08:09:10:11:12,KG:01:02:03:04:05:06:07:08:09:10:11:12,SUPPVIRTUAL
41,Guilford,41J,Summerfield Charter Academy,Summerfield Charter Academy,Mr,Rudy,-,Swofford,-,98.rswofford@nhaschools.com,Ms,Debra,-,Wilson,-,redbrainiac@gmail.com,5303 Hwy 220 N,-,Summerfield,NC,27358,-,-,-,-,-,336.643.1974,336.217.8367,07/01/2013,KG:01:02:03:04:05:06:07:08,KG:01:02:03:04:05:06:07:08,NOTVIRTUAL
41,Guilford,41K,Piedmont Classical High School,Piedmont Classical High School,Mr,Travis,-,Ward,-,tward@piedmontclassical.com,Mr,John,-,Fink,-,jfink@piedmontclassical.com,4100 YANCEYVILLE RD,-,BROWNS SUMMIT,NC,27214,-,-,-,-,-,336.897.1128,336.763.8364,07/01/2015,09:10:11:12,09:10:11:12,SUPPVIRTUAL
41,Guilford,41L,Gate City Charter,Gate City Charter Academy,Mrs,Natasha,-,Robertson,-,105.nrobertson@nhaschools.com,Mr,Jeff,-,Phillips,-,jeff@movegreensboro.com,123 Flemingfield Road,-,Greensboro,NC,27405,-,-,-,-,-,336.617.5900,336.232.1734,07/01/2016,KG:01:02:03:04:05:06:07:08,KG:01:02:03:04:05:06:07:08,NOTVIRTUAL
41,Guilford,41M,Next Generation Academy,Next Generation Academy,Dr,Samuel,-,Misher,-,mishers@nextgenerationacademy.net,Dr,Charles ,-,Johnson,-,charjh5@aol.com,3740 South Holden Road,-,Greensboro,NC,27406,PO Box 36148,-,Greensboro,NC,27416,336.271.9030,336.691.2366,07/01/2018,KG:01:02:03:04:05,KG:01:02:03:04:05:06:07:08,NOTVIRTUAL
41,Guilford,41N,The Experiential School of Greensboro,The Experiential School of Greensboro,-,Tracy,-,Shaw,-,tshaw@tesgk8.org,Dr,Leila ,-,Villaverde,-,boardpresident@tesgk8.org,301 S Church St,-,Greensboro,NC,27401,-,-,-,-,-,336.890.8374,888.216.0056,07/01/2018,KG:01:02:03:04:05:06:07:08,KG:01:02:03:04:05:06:07:08,NOTVIRTUAL
41,Guilford,41Q,Revolution Academy,Revolution Academy,Mrs,Mary ,Catherine,Sauer,-,mcsauer@revolutionacademyk8.com,Mr,John,-,Nosek,-,jnosek@revolutionacademyk8.com,3800 Oak Ridge Rd.,-,Summerfield,NC,27358,-,-,-,-,-,336.203.3690,336.369.8982,07/01/2020,KG:01:02:03:04:05:06:07,KG:01:02:03:04:05:06:07:08,NOTVIRTUAL
41,Guilford,41R,Summit Creek Academy,Summit Creek Academy,-,Amanda,-,Brown,-,115.abrown@nhaschools.com,-,Mark,-,Popple,-,downpoppie@gmail.com,2126 Scott Rd,-,Browns Summit,NC,27214,-,-,-,-,-,336.355.4447,336.217.8706,07/01/2021,KG:01:02:03:04:05,KG:01:02:03:04:05:06:07:08,NOTVIRTUAL
42,Halifax,42A,KIPP Halifax College Preparatory,KIPP Halifax College Preparatory,-,Tim,-,Saintsing,-,halifaxadmin@kippnc.org,Mr,Dinesh,-,Chopra,-,boardchair@kippnc.org,9986 Hwy 903,-,Halifax,NC,27839,-,-,-,-,-,252.410.0277,252.308.9656,07/01/2014,KG:01:02:03:04:05:06:07:08,KG:01:02:03:04:05:06:07:08,NOTVIRTUAL
42,Halifax,42B,Hobgood Charter School,Hobgood Charter School,Mrs,Juliana,Whitehurst,Harris,-,jharris@hobgoodcharterschool.org,Mr,Joseph,-,McDowell,-,mcdowellspharmacy@gmail.com,201 S Beech St,-,Hobgood,NC,27843,-,-,-,-,-,252.242.1880,866.872.1689,07/01/2019,KG:01:02:03:04:05:06:07:08:09:10,KG:01:02:03:04:05:06:07:08:09:10,NOTVIRTUAL
43,Harnett,43C,Anderson Creek Academy,Anderson Creek Academy,Dr,Mary,-,Majors,-,majorsm@acacharter.com,Mr,John,D,Werderman,-,werdermanj@acacharter.com,4940 Ray Road,-,Spring Lake,NC,28390,-,-,-,-,-,910.814.9001,910.814.9002,07/01/2014,KG:01:02:03:04:05,KG:01:02:03:04:05,NOTVIRTUAL
43,Harnett,43D,Achievement Charter Academy,Achievement Charter Academy,-,Leaja,Hartman,Horne,-,leaja@achievementcharteracademy.org,Mr,Raymond,-,Strain,-,rstrain64@gmail.com,25 Buttonwood Ct.,-,Fuquay-Varina,NC,27526,-,-,-,-,-,919.552.5446,919.567.2854,07/01/2020,KG:01:02:03:04:05,KG:01:02:03:04:05,NOTVIRTUAL
44,Haywood,44A,Shining Rock Classical Academy,Shining Rock Classical Academy,-,Joshua,-,Morgan,-,jmorgan@shiningrock.org,-,Melanie,-,Norman,-,mnorman@shiningrock.org,2150 Russ Avenue,-,Waynesville,NC,28786,-,-,-,-,-,828.476.5150,828.454.1542,07/01/2015,KG:01:02:03:04:05:06:07:08:09,KG:01:02:03:04:05:06:07:08:09:10:11:12,NOTVIRTUAL
45,Henderson,45A,The Mountain Community Sch,The Mountain Community Sch,Ms,Denise,M,Pesce,-,dpesce@mytmcs.org,Ms,Jeannette,-,Butterworth,-,ncbutterworths@gmail.com,613 Glover Street,-,Hendersonville,NC,28792,-,-,-,-,-,828.696.8480,828.696.8451,06/30/1999,KG:01:02:03:04:05:06:07:08,KG:01:02:03:04:05:06:07:08,NOTVIRTUAL
45,Henderson,45B,FernLeaf Community Charter School,FernLeaf Community Charter School,-,Michael,-,Luplow,-,michael.luplow@fernleafccs.org,-,Sam,-,Rule,-,sam.rule@fernleafccs.org,58 Howard Gap Rd,-,Fletcher,NC,28732,-,-,-,-,-,828.684.3645,828.575.5402,07/01/2016,KG:01:02:03:04:05:06:07:08,KG:01:02:03:04:05:06:07:08,NOTVIRTUAL
49,Iredell,49B,American Renaissance School,American Renaissance School,Mr,James,Edward,Duffey,II,jim.duffey@arsnc.org,Mr,Tracy,-,Sain,-,tracy.sain@arsnc.org,132 East Broad Street,-,Statesville,NC,28677,-,-,-,-,-,704.924.8870,704.873.1398,06/30/1999,KG:01:02:03:04:05:06:07:08,KG:01:02:03:04:05:06:07:08,NOTVIRTUAL
49,Iredell,49D,Success Institute Charter,Success Institute Charter School,Ms,Tenna,-,Williams,-,faithtdw10@gmail.com,-,Isha,-,Holmes,-,ishaholmes1@gmail.com,1424-2 Rickert St,-,Statesville,NC,28677,PO Box 1332,-,Statesville,NC,28687,704.881.0441,704.881.0870,06/30/2000,KG:01:02:03:04:05:06:07:08,KG:01:02:03:04:05:06:07:08,NOTVIRTUAL
49,Iredell,49E,Pine Lake Preparatory,"Pine Lake Preparatory, Inc.",Mr,Andrew,-,Moceri,-,andrew.moceri@pinelakeprep.org,Mr,Jason,-,Yanni,-,jason.yanni@pinelakeprep.org,104 Yellow Wood Circle,-,Mooresville,NC,28115,-,-,-,-,-,704.237.5304,704.626.3434,07/03/2007,KG:01:02:03:04:05:06:07:08:09:10:11:12,KG:01:02:03:04:05:06:07:08:09:10:11:12,NOTVIRTUAL
49,Iredell,49F,Langtree Charter Academy,Langtree Charter Academy,Mr,Shane,-,Lis,-,slis@langtreecharter.org,Mr,Martin,-,Conway ,-,mconway@nccharterfoundation.org,154 Foundation Ct,-,Mooresville,NC,28117,-,-,-,-,-,704.235.0865,704.360.3026,07/01/2013,KG:01:02:03:04:05:06:07:08:09:10:11:12,KG:01:02:03:04:05:06:07:08:09:10:11:12,NOTVIRTUAL
49,Iredell,49G,Iredell Charter Academy,Iredell Charter Academy,-,Andrea,Leah,Lopresti,-,alopresti1@iredellcharter.org,-,Martin,-,Conway,-,mconway@nccharterfoundation.org,251 Home Improvement Street,-,Troutman,NC,28166,-,-,-,-,-,704.508.0104,704.508.0105,07/01/2016,KG:01:02:03:04:05:06:07:08,KG:01:02:03:04:05:06:07:08,NOTVIRTUAL
50,Jackson,50A,Summit Charter,Summit Charter School,Mr,Kurt,-,Pusch,-,kpusch@summitschool.org,Mrs,Betsy,-,Helms,-,betsy@merriewoode.com,370 Mitten Lane,-,Cashiers,NC,28717,-,-,-,-,-,828.743.5755,828.743.9157,06/30/1997,KG:01:02:03:04:05:06:07:08:09:10:11:12,KG:01:02:03:04:05:06:07:08:09:10:11:12,NOTVIRTUAL
51,Johnston,51A,Neuse Charter School,Neuse Charter School,Dr,Melissa,-,Blackwell,-,mblackwell@neusecharterschool.org,Mrs,Jane,-,Jackson,-,jjackson@neusecharterschool.org,909 Booker Dairy Rd,-,Smithfield,NC,27577,909 Booker Dairy Road,-,Smithfield,NC,27577,919.626.2300,919.938.1079,07/02/2007,KG:01:02:03:04:05:06:07:08:09:10:11:12,KG:01:02:03:04:05:06:07:08:09:10:11:12,NOTVIRTUAL
51,Johnston,51B,Johnston Charter Academy,Johnston Charter Academy,-,Amber,-,Mcclure,-,108.amcclure@nhaschools.com,-,Brooke,-,Holmes,-,bholmes1313@gmail.com,40 Scholar Drive,-,Clayton,NC,27520,40 Scholar Drive,-,Clayton,NC,27520,919.879.8190,919.882.8368,07/01/2018,KG:01:02:03:04:05:06:07:08,KG:01:02:03:04:05:06:07:08,NOTVIRTUAL
53,Lee,53B,Ascend Leadership Academy: Lee County,Ascend Leadership Academy: Lee County,-,Justin,-,Smith,-,jsmith@alaschoolsnc.org,Mr,Jason,-,Smith,-,jasonjsmith@mail.com,283 Harvey Faulk Road,-,Sanford,NC,27332,-,-,-,-,-,919.842.5411,919.842.3545,07/01/2018,06:07:08:09:10:11,06:07:08:09:10:11:12,NOTVIRTUAL
53,Lee,53C,MINA Charter School of Lee County,MINA Charter School of Lee County,Dr,Shawn,E,Williams,-,shawn.williams@minacs.org,Mrs,Jeannette,-,Peace,-,jeannette.peace@minacs.org,2732 Industrial Drive,-,Sanford,NC,27332,2732 Industrial Dr,-,Sanford,NC,27332,919.745.1442,919.589.4803,07/01/2020,KG:01:02:03:04:05:06,KG:01:02:03:04:05:06:07:08,NOTVIRTUAL
54,Lenoir,54A,Children's Village Academy,The Children's Village Academy,-,Jessica,-,Jones,-,jnjones01@cvatigers.com,-,Roy ,-,Lanier,-,rlanier47@hotmail.com,701 North Adkin Street,-,Kinston,NC,28501,PO Box 2206,-,Kinston,NC,28502,252.939.1958,252.939.1168,06/30/1997,KG:01:02:03:04:05:06:07:08,KG:01:02:03:04:05:06:07:08,NOTVIRTUAL
55,Lincoln,55A,Lincoln Charter School,Lincoln Charter School,Mr,Jonathan,-,Bryant,-,jonathan.bryant@lincolncharter.org,Mr,Rob,-,Brown,-, rbrown@jonaslaw.com,7834 Galway Lane,-,Denver,NC,28037,-,-,-,-,-,704.483.6611,704.483.1039,06/30/1998,KG:01:02:03:04:05:06:07:08:09:10:11:12:XG,KG:01:02:03:04:05:06:07:08:09:10:11:12:XG,NOTVIRTUAL
55,Lincoln,55B,West Lake Preparatory Academy,West Lake Preparatory Academy,Mrs,Jennifer,G,Wilson,-,jwilson1@wlakeprep.org,Mr,Tim,-,Holder,-,tholder@wlakeprep.org,1691 Forney Creek,-,Denver,NC,28037,1691 Forney Creek,-,Denver,NC,28037,704.966.2202,704.966.2203,07/01/2019,KG:01:02:03:04:05:06:07:08,KG:01:02:03:04:05:06:07:08,NOTVIRTUAL
58,Martin,58B,Bear Grass Charter School,Bear Grass Charter School,Ms,Donna,-,Moore,-,dmoore@beargrasscharter.org,Mr,Delmas,-,Cumbee,-,dcumbee@beargrasscharter.org,6344 E Bear Grass Rd,-,Williamston,NC,27982,-,-,-,-,-,252.789.1010,252.789.1014,07/01/2012,06:07:08:09:10:11:12,06:07:08:09:10:11:12,SUPPVIRTUAL
60,Mecklenburg,60B,Sugar Creek Charter,Sugar Creek Charter,Ms,Cheryl,-,Turner,-,Turner.Cheryl@thesugarcreek.org,Mr,Bryan,-,Ives,-,Ives.Bryan@gmail.com,4101 N Tryon Street,-,Charlotte,NC,28206,-,-,-,-,-,704.509.5470,704.921.1004,06/28/1999,KG:01:02:03:04:05:06:07:08:09:10:11:12,KG:01:02:03:04:05:06:07:08:09:10:11:12,NOTVIRTUAL
60,Mecklenburg,60D,Lake Norman Charter,Lake Norman Charter,-,Shannon,-,Stein,-,sstein@lncharter.org,-,Richard,-,Buckler,-,rbuckler@lncharter.org,12435 Old Statesville Road,-,Huntersville,NC,28078,-,-,-,-,-,704.948.8600,704.948.8778,06/30/1998,KG:01:02:03:04:05:06:07:08:09:10:11:12:XG,KG:01:02:03:04:05:06:07:08:09:10:11:12:XG,NOTVIRTUAL
60,Mecklenburg,60F,Metrolina Reg Scholars Academy,Metrolina Regional Scholars Academy,Ms,Ari,-,Pieper,-,Director@scholarsacademy.org,Mr,Sridhar,-,Dasu,-,sridhar.dasu@gmail.com,5225 Seventy-Seven Center Dr,-,Charlotte,NC,28217,-,-,-,-,-,704.503.1112,704.503.1183,06/30/2000,KG:01:02:03:04:05:06:07:08,KG:01:02:03:04:05:06:07:08,NOTVIRTUAL
60,Mecklenburg,60G,Queen's Grant Community School,Queen's Grant Community School,-,Krista,-,Tolchin,-,43.ktolchin@nhaschools.com,-,Ted,-,Biggers,-,carolinaboss@aol.com,6400 Matthews Mint Hill Road,-,Mint Hill,NC,28227,-,-,-,-,-,704.573.6611,704.943.2395,06/30/2002,KG:01:02:03:04:05:06:07:08:09:10:11:12,KG:01:02:03:04:05:06:07:08:09:10:11:12,SUPPVIRTUAL
60,Mecklenburg,60I,Community School of Davidson,Community School of Davidson,Mrs,Joy,-,Warner,-,jwarner@csdspartans.org,Mr,James,-,Beam ,-,csdboard@csdspartans.org,404 Armour Street,-,Davidson,NC,28036,-,-,-,-,-,704.897.8061,704.896.2025,07/01/2004,KG:01:02:03:04:05:06:07:08:09:10:11:12:XG,KG:01:02:03:04:05:06:07:08:09:10:11:12:XG,SUPPVIRTUAL
60,Mecklenburg,60J,Socrates Academy,Socrates Academy,Ms,Vanessa ,-,Baker,-,vbaker@socratesacademy.us,-,Larry,-,Peroulas,-,lperoulas@socratesacademy.us,3909 Weddington Rd,-,Matthews,NC,28105,-,-,-,-,-,704.321.1711,704.321.1714,07/02/2005,KG:01:02:03:04:05:06:07:08:09,KG:01:02:03:04:05:06:07:08:09,SUPPVIRTUAL
60,Mecklenburg,60K,Charlotte Secondary,Charlotte Secondary School,-,Keisha,-,Rock,-,keisha.rock@charlottesecondary.org,-,Beth,-,Chaitman,-,beth.chaitman@charlottesecondary.org,8601 McAlpine Park Dr,-,Charlotte,NC,28211,-,-,-,-,-,704.295.0137,704.295.0156,07/02/2007,06:07:08:09:10:11:12,06:07:08:09:10:11:12,SUPPVIRTUAL
60,Mecklenburg,60L,KIPP Charlotte,KIPP Charlotte,-,Tim,-,Saintsing,-,charlotteadmin@kippnc.org,Mr,Dinesh,-,Chopra,-,boardchair@kippnc.org,931 Wilann Dr,-,Charlotte,NC,28215,-,-,-,-,-,704.537.2044,704.537.2855,07/02/2007,KG:01:02:03:04:05:06:07:08,KG:01:02:03:04:05:06:07:08:09:10:11:12,NOTVIRTUAL
60,Mecklenburg,60M,Corvian Community School,Corvian Community School,Mrs,Stacey,M.,Haskell,-,stacey.haskell@corvian.org,Mr,Ed,-,Franklin,-,ed.franklin@corvian.org,4041 Johnston Oehler Road,-,Charlotte,NC,28269,-,-,-,-,-,704.717.7550,704.496.2107,07/01/2012,KG:01:02:03:04:05:06:07:08:09:10:11:12,KG:01:02:03:04:05:06:07:08:09:10:11:12,NOTVIRTUAL
60,Mecklenburg,60N,Aristotle Preparatory Academy,Aristotle Preparatory Academy,Mrs,Kelly,-,Scott,-,kscott@aristotlepa.org,Mrs,Siobhan ,-,Papa,-,spapa@board.aristotlepa.org,8101 Fallsdale Dr,-,Charlotte,NC,28214,-,-,-,-,-,980.237.0371,704.919.5462,07/01/2013,KG:01:02:03:04:05:06:07:08,KG:01:02:03:04:05:06:07:08:09:10:11:12,NOTVIRTUAL
60,Mecklenburg,60P,Eastside STREAM Academy,Eastside STREAM Academy,Mr,John,A,Ozer,-,Administration@eastsidestream.org,Mr,Walter,-,Bowers,Jr,walterbowersjr@gmail.com,8000 Robinson Church Road,-,Charlotte,NC,28215,PO Box 44065,-,Charlotte,NC,28215,980.272.8308,704.323.7288,07/01/2013,KG:01:02:03:04:05:06:07:08,KG:01:02:03:04:05:06:07:08,NOTVIRTUAL
60,Mecklenburg,60Q,Invest Collegiate Transform,Invest Collegiate Transform,Mr,Jeffrey,-,Foster,-,jeffreyfoster@ictransform.org,Dr,Mildred,-,Huey,-,-,2045 Suttle Ave,-,Charlotte,NC,28208,-,-,-,-,-,704.370.4000,704.376.6314,07/01/2013,KG:01:02:03:04:05:06:07:08:09:10:11,KG:01:02:03:04:05:06:07:08:09:10:11:12,NOTVIRTUAL
60,Mecklenburg,60S,Bradford Preparatory School,Bradford Preparatory School,-,Kelly,-,Painter,-,kelly.painter@bradfordprep.org,-,Andrea ,-,Seymour,-,andrea.seymour@bradfordprep.org,2502 Salome Church Rd,-,Charlotte,NC,28262,-,-,-,-,-,704.549.0080,704.549.0085,07/01/2014,KG:01:02:03:04:05:06:07:08:09:10:11:12:XG,KG:01:02:03:04:05:06:07:08:09:10:11:12:XG,SUPPVIRTUAL
60,Mecklenburg,60U,Commonwealth High,Commonwealth High School,Dr,Jonathan,-,Kay,-,Jonathan.Kay@als-education.com,Mr,Reginald,-,Pincham,-,RTPincham@gmail.com,5112 Central Ave,-,Charlotte,NC,28205,-,-,-,-,-,704.899.4998,704.469.4661,07/01/2014,09:10:11:12,09:10:11:12,NOTVIRTUAL
60,Mecklenburg,60Y,Pioneer Springs Community School,Pioneer Springs Community School,-,Rebecca,-,Friend,-,beckyf@pioneersprings.org,-,Abigail,-,Jennings,-,abigailj@pioneersprings.org,9232 Bob Beatty Rd.,-,Charlotte,NC,28269,PO Box 480537,-,Charlotte,NC,28269,704.494.0777,980.920.1900,07/01/2014,KG:01:02:03:04:05:06:07:08:09:10,KG:01:02:03:04:05:06:07:08:09:10:11:12,NOTVIRTUAL
60,Mecklenburg,61J,Lakeside Charter Academy,Lakeside Charter Academy,Dr,Jim,-,Montague,-,j.montague@lakesidecharteracademy.com,Mr,Taft,-,Morley,-,t.morley@lakesidecharteracademy.com,17609 Old Statesville Rd,-,Cornelius,NC,28031,-,-,-,-,-,704.896.9500,833.471.3599,07/01/2014,KG:01:02:03:04:05:06:07:08,KG:01:02:03:04:05:06:07:08,NOTVIRTUAL
60,Mecklenburg,61K,United Community School,United Community School,Mrs,Erika,-,Hedgepeth,-,erika@UCSnc.org,Mr,Ken,-,Hall,-,kenhall@bhtax.com,1406 Suther Road,-,Charlotte,NC,28213,-,-,-,-,-,980.819.0555,980.819.0663,07/01/2014,KG:01:02:03:04:05:06:07:08,KG:01:02:03:04:05:06:07:08,NOTVIRTUAL
60,Mecklenburg,61L,Stewart Creek High,Stewart Creek High School,Ms,Tamara,-,Wynn,-,Tamara.Wynn@als-education.com,Mr,Reginald,-,Pincham,-,RTPincham@gmail.com,2701-F Freedom Dr,-,Charlotte,NC,28208,-,-,-,-,-,704.755.5112,704.960.1726,07/01/2015,09:10:11:12,09:10:11:12,NOTVIRTUAL
60,Mecklenburg,61M,Charlotte Lab School,Charlotte Lab School,Dr,Mary ,-,Moss,-,mmoss@charlottelabschool.org,Mr,Tom,-,Murray,-,tom.murray@crva.com,3325 S Tryon St,-,Charlotte,NC,28217,-,-,-,-,-,704.464.3830,-,07/01/2015,KG:01:02:03:04:05:06:07:08:09:10,KG:01:02:03:04:05:06:07:08:09:10:11:12,NOTVIRTUAL
60,Mecklenburg,61N,Queen City STEM School,Queen City STEM School,Mr,Murat,-,Alkan,-,malkan@queencitystem.org,Mr,Fahruddin,-,Mekic,-,fmekic@queencitystem.org,8701 Mallard Creek Rd,-,Charlotte,NC,28262,-,-,-,-,-,980.299.6633,980.299.6634,07/01/2015,KG:01:02:03:04:05:06:07:08:09:10:11,KG:01:02:03:04:05:06:07:08:09:10:11:12,NOTVIRTUAL
60,Mecklenburg,61P,"VERITAS Community School, CFA",VERITAS Community School: A Challenge Foundation Academy,Mr,Michael,-,Silver,-,msilver@veritascommunityschool.org,Ms,Erika,-,Bowen,-,ebowen@board.veritascommunityschool.org,2600 Grimes Street,-,Charlotte,NC,28206,-,-,-,-,-,980.677.0101,704.228.3028,07/01/2015,KG:01:02:03:04:05:06:07:08,KG:01:02:03:04:05:06:07:08,NOTVIRTUAL
60,Mecklenburg,61Q,Mallard Creek STEM Academy,Mallard Creek STEM Academy,-,Deanna ,-,Smith ,-,dsmith@mcstemacademy.org ,-,Jose ,-,Garcia,-,jag8237@gmail.com,9142 Browne Rd,-,Charlotte,NC,28269,-,-,-,-,-,980.288.4811,888.799.3166,07/01/2016,KG:01:02:03:04:05:06:07:08,KG:01:02:03:04:05:06:07:08,NOTVIRTUAL
60,Mecklenburg,61R,Matthews Charter Academy,Matthews Charter Academy,-,Christy,-,Spurrier,-,106.cspurrier@nhaschools.com,-,Ed ,-,Sieber,-,charlotte.president@glassdoctor.com,2332 Mount Harmony Church Rd.,-,Matthews,NC,28104,-,-,-,-,-,980.339.5449,980.321.7058,07/01/2016,KG:01:02:03:04:05:06:07:08,KG:01:02:03:04:05:06:07:08,NOTVIRTUAL
60,Mecklenburg,61S,Unity Classical Charter,Unity Classical Charter School,Mrs,Sheila,A. Oseguera,Reddick,-,sheila.goad@unityclassical.org,Mrs,Susan,-,Walker,-,susan.walker@board.unityclassical.org,1929 W Arrowood Rd,-,Charlotte,NC,28217,-,-,-,-,-,980.202.5899,980.206.0967,07/01/2017,KG:01:02:03:04:05:06,KG:01:02:03:04:05:06:07:08,NOTVIRTUAL
60,Mecklenburg,61T,Movement Charter School,Movement Charter School,-,Jamie,-,Sumter,-,jamie.sumter@movementschool.com ,-,Tim,-,Hurley,-,tim.hurley@movementschool.com,2701-B  Freedom Dr,-,Charlotte,NC,28208,-,-,-,-,-,704.585.1356,980.549.4635,07/01/2017,KG:01:02:03:04:05:06,KG:01:02:03:04:05:06,NOTVIRTUAL
60,Mecklenburg,61U,UpROAR Leadership Academy,UpROAR Leadership Academy,Ms,Genesia,K,Newsome,-,gnewsome@uproarleadership.org,Mr,Namaine ,C,Coombs,-,ncoombs@uproarleadership.org,5500 North Tryon St,-,Charlotte,NC,28213,-,-,-,-,-,980.299.0080,844.272.1463,07/01/2017,05:06:07:08:09:10:11:12,05:06:07:08:09:10:11:12,NOTVIRTUAL
60,Mecklenburg,61V,Bonnie Cone Classical Academy, Bonnie Cone Classical Academy,Mrs,Jennifer,-,Mognett,-,jmognett@bccaschools.org,Mr,Marty,-,McCarthy,-,mmccarthy@bccaschools.org,10700 Asbury Chapel Road,-,Huntersville,NC,28078,-,-,-,-,-,704.948.4439,704.912.1544,07/01/2019,KG:01:02:03:04:05:06:07:08,KG:01:02:03:04:05:06:07:08:09,NOTVIRTUAL
60,Mecklenburg,61W,East Voyager Academy of Charlotte,East Voyager Academy of Charlotte,Mrs,Renee,-,Mathews,-,rmathews@eastvoyager.org,Dr,Jian,-,Zhang,-,jzhang@eastvoyager.org,7429 Tuckaseegee Rd.,-,Charlotte,NC,28214,-,-,-,-,-,704.412.6988,704.413.3660,07/01/2018,PK:KG:01:02:03:04:05:06:07,PK:KG:01:02:03:04:05:06:07:08,SUPPVIRTUAL
60,Mecklenburg,61X,Jackson Day School,Jackson Day School,-,Tammy,-,Winstead,-,twinstead@earlybeginningscdc.com,Mrs,Amy ,-,Bruinning,-,Amy.Bruining@cpcc.edu,1209 Little Rock Rd ,-,Charlotte,NC,28214,-,-,-,-,-,704.391.5516,704.391.2540,07/01/2018,KG:01:02:03:04:05:06:07:08:09:10:11:12,KG:01:02:03:04:05:06:07:08:09:10:11:12,NOTVIRTUAL
60,Mecklenburg,61Y,Steele Creek Preparatory Academy,Steele Creek Preparatory Academy,-,Kimberly,L,Alexander,-,kalexander@steelecreekprep.org,-,Matthew,-,Ridenhour,-,mridenhour@steelecreekprep.org,2200 Shopton Road,-,Charlotte,NC,28217,2200 Shopton Road,-,Charlotte,NC,28217,980.243.5580,980.243.5581,07/01/2019,KG:01:02:03:04:05:06:07:08,KG:01:02:03:04:05:06:07:08,NOTVIRTUAL
62,Montgomery,62A,Tillery Charter Academy,Tillery Charter Academy,-,Teresa ,-,Harrison,-,tillerycharteracademy@gmail.com,Ms,Christine,-,Fisher,-,chrissy.lavoie@gmail.com,204 Lambert Rd.,-,Biscoe,NC,27209,-,-,-,-,-,910.828.4143,910.828.4165,07/01/2019,KG:01:02:03:04,KG:01:02:03:04:05,NOTVIRTUAL
60,Mecklenburg,62J,Southwest Charlotte STEM Academy,Southwest Charlotte STEM Academy,Mrs,Shekeria,-,Barnes,-,sbarnes@scstemacademy.org,Mr,Jose,-,Garcia,-,jag8236@gmail.com ,5203 Shopton Rd,-,Charlotte,NC,28278,-,-,-,-,-,-,-,07/01/2019,KG:01:02:03:04:05:06:07:08,KG:01:02:03:04:05:06:07:08,NOTVIRTUAL
60,Mecklenburg,62K,Movement School Eastland,Movement School Eastland,-,Chelsea,-,Hobbing,-,chelsea.hobbing@movementschool.com,-,Tim,-,hurley,-,tim.hurley@movementfoundation.org,5249 Central Avenue,-,Charlotte,NC,28212,5249 Central Avenue,-,Charlotte ,NC,28212,704.532.0640,704.532.0706,07/01/2020,KG:01:02,KG:01:02:03:04:05:06,NOTVIRTUAL
60,Mecklenburg,62L,Telra Institute,Telra Institute,Dr,Ronak,-,Bhatt,-,ronak@telra.org,Dr,Greg,-,Denlea,-,greg.denlea@telra.org,807 S. Trade St.,-,Matthews,NC,28105,5803 Summerston Pl,-,Charlotte,NC,28277,704.489.3449,-,07/01/2021,KG:01:02:03,KG:01:02:03:04:05,NOTVIRTUAL
63,Moore,63A,The Academy of Moore County,The Academy of Moore County,Ms,Allyson,-,Schoen,-,aschoen@academyofmoorecounty.org,Dr,David,-,Norhdloh,-,David.norhdloh32@gmail.com,12588 US 15-501 Hwy,-,Aberdeen,NC,28315,-,-,-,-,-,910.757.0401,910.757.0403,06/30/1997,KG:01:02:03:04:05,KG:01:02:03:04:05,NOTVIRTUAL
63,Moore,63B,STARS Charter,Sandhills Theatre Arts Renaissance School,Dr,Wesley,-,Graner,-,wgraner@starscharter.org,-,Erin,-,Jessup,-,eljessup2003@gmail.com,140 Southern Dunes Dr,-,Vass,NC,28394,-,-,-,-,-,910.695.1004,910.695.7322,06/30/1999,KG:01:02:03:04:05:06:07:08:10:11:12,KG:01:02:03:04:05:06:07:08:10:11:12,NOTVIRTUAL
63,Moore,63C,Moore Montessori Community School,Moore Montessori Community School,-,Katherine,Stewart,Rucker,-,katherine.rucker@mooremontessori.org,Dr,Benjamin,F.,Greene,-,bgreene@campbell.edu,255 S. May Street,-,Southern Pines,NC,28387,-,-,-,-,-,910.636.1325,910.636.1323,07/01/2018,KG:01:02:03:04:05,KG:01:02:03:04:05:06,NOTVIRTUAL
64,Nash,64A,Rocky Mount Preparatory,"Rocky Mount Preparatory School, Inc.",Dr,Chaunte,-,Garrett,-,cgarrett@rmprep.org,Mr,Keen,-,Gravely,-,kgravely@rmprep.org ,3334 Bishop Road,-,Rocky Mount,NC,27804,-,-,-,-,-,252.443.9923,252.443.9932,06/30/1997,KG:01:02:03:04:05:06:07:08:09:10:11:12,KG:01:02:03:04:05:06:07:08:09:10:11:12,NOTVIRTUAL
65,New Hanover,65A,Cape Fear Center for Inquiry,Cape Fear Center for Inquiry,Mrs,Danielle,-,View,-,dview@cfci.net,-,Lakeasha,-,Glaspie,-,lglaspie@cfci.net,2525 Wonder Way,-,Wilmington,NC,28401,-,-,-,-,-,910.362.0000,910.362.0048,06/30/2000,KG:01:02:03:04:05:06:07:08,KG:01:02:03:04:05:06:07:08,NOTVIRTUAL
65,New Hanover,65B,Wilmington Preparatory Academy,Wilmington Preparatory Academy,Mr,Kevin,-,Johnson,-,shami_man2b@hotmail.com,Mrs,Valerie,-,Galloway,-,brn2prhm@gmail.com,134 Cinema Drive,-,Wilmington,NC,28403,-,-,-,-,-,910.799.6776,910.338.1834,07/02/2007,KG:01:02:03:04:05:06:07:08,KG:01:02:03:04:05:06:07:08,NOTVIRTUAL
65,New Hanover,65C,Classical Charter Schools of Wilmington,Classical Charter Schools of Wilmington,Mrs,Nikki,-,Chaney,-,nchaney@rogerbacon.net,Mr,Robert,P,Spencer,-,rspencer@charterdayschool.org,507 N 6th Street,-,Wilmington,NC,28401,-,-,-,-,-,910.763.1976,910.763.1974,07/01/2013,KG:01:02:03:04:05,KG:01:02:03:04:05,NOTVIRTUAL
65,New Hanover,65D,Island Montessori Charter School,Island Montessori Charter School,Mrs,Alicia,-,Rheel,-,arheel@islandmontessorischool.com,-,Eric,-,Jelinski,-,eric@islandmontessorischool.com,6339 Carolina Beach Rd,-,Wilmington,NC,28412,-,-,-,-,-,910.795.4860,910.550.3767,07/01/2013,KG:01:02:03:04:05:06:07:08,KG:01:02:03:04:05:06:07:08,NOTVIRTUAL
65,New Hanover,65F,American Leadership Academy-Coastal,American Leadership Academy-Coastal,Mrs,Abigail,-,Strait,-,astrait@coastalprep.org,Mr,Dan,-,Mysiuk,-,dmysiuk@coastalprep.org,1135 Pandion Dr,-,Wilmington,NC,28411,-,-,-,-,-,910.839.0012,910.839.0014,07/01/2017,KG:01:02:03:04:05:06:07:08:09,KG:01:02:03:04:05:06:07:08:09,NOTVIRTUAL
65,New Hanover,65G,Girls Leadership Academy of Wilmington,Girls Leadership Academy of Wilmington,-,Kate,-,Tayloe,-,ktayloe@glowacademy.net,-,Kate,-,Groat,-,kgroat@glowacademy.net,4100 Sunglow Drive,-,Wilmington,NC,28405,-,-,-,-,-,910.338.5258,910.401.1899,07/01/2016,06:07:08:09:10:11,06:07:08:09:10:11:12,NOTVIRTUAL
65,New Hanover,65H,Wilmington School of the Arts,Wilmington School of the Arts,-,Kaitlin,-,Baden,-,kaitlin.baden@wilmingtonschoolofthearts.com,Mr,Dustin,-,Richardson,-,dustin.richardson@wilmingtonschoolofthearts.com,1306 Floral Pkwy,-,Wilmington,NC,28403,P. O. Box 4593,-,Wilmington,NC,28406,910.399.3712,910.399.5125,07/01/2020,KG:01:02:03:04:05,KG:01:02:03:04:05:06:07:08,FACEVIRTUAL
66,Northampton,66A,KIPP Gaston College Preparatory,KIPP Gaston College Preparatory,-,Tim,-,Saintsing,-,gastonadmin@kippnc.org,Mr,Dinesh,-,Chopra,-,boardchair@kippnc.org,320 Pleasant Hill Road,-,Gaston,NC,27832,-,-,-,-,-,252.308.6932,252.308.6936,06/30/2001,KG:01:02:03:04:05:06:07:08:09:10:11:12,KG:01:02:03:04:05:06:07:08:09:10:11:12,NOTVIRTUAL
67,Onslow,67B,Z.E.C.A. School of Arts and Technology,Z.E.C.A. School of Arts and Technology,Ms,Stacey,l,Owens-Howard,-,howard_stacey@hotmail.com,Mr,Ernest,-,wright,-,wrightlaw@earthlink.net,1249 Hargett Street,-,Jacksonville,NC,28540,-,-,-,-,-,910.219.8603,910.378.7727,07/01/2013,KG:01:02:03:04:05:06:07:08,KG:01:02:03:04:05:06:07:08,NOTVIRTUAL
68,Orange,68A,Eno River Academy,Eno River Academy,Ms,Lisa,-,Bair,-,lbair@enoriveracademy.org,-,Michael ,-,O'Malley,-,momalley@enoriveracademy.org,1212 NC Highway 57 North,-,Hillsborough,NC,27278,P.O. Box 1239,-,Hillsborough,NC,27278,919.644.6272,919.644.6275,06/30/1997,KG:01:02:03:04:05:06:07:08:09:10:11:12,KG:01:02:03:04:05:06:07:08:09:10:11:12,NOTVIRTUAL
68,Orange,68C,The Expedition School,The Expedition School,Mrs,Tammy,-,Finch,-,explorer@theexpeditionschool.com,-,Matt,-,Panning,-,mattpanning@theexpeditionschool.com,437 Dimmocks Mill Rd Ste 33,-,Hillsborough,NC,27278,-,-,-,-,-,919.245.8432,919.245.8460,07/01/2014,KG:01:02:03:04:05:06:07:08,KG:01:02:03:04:05:06:07:08,NOTVIRTUAL
69,Pamlico,69A,Arapahoe Charter School,Arapahoe Charter School,Mr,Chris,-,Watson,-,chris.watson@arapahoecharter.org,Mr,Tim,-,Murray,-,tim.murray@arapahoecharter.org,9005 NC Hwy 306 S,-,Arapahoe,NC,28510,-,-,-,-,-,252.249.2599,252.249.1316,06/30/1997,KG:01:02:03:04:05:06:07:08:09:10:11:12,KG:01:02:03:04:05:06:07:08:09:10:11:12,SUPPVIRTUAL
70,Pasquotank,70A,Northeast Academy of Aerospace & AdvTech,Northeast Academy for Aerospace & Advanced Technologies,-,Andrew,-,Harris,-,ceo@northeastacademy.org,Dr,Joe,-,Peel,-,jandcpeel@aol.com,1413 W Ehringhaus St,-,Elizabeth City,NC,27909,PO Box 2889,-,Elizabeth City,NC,27906,252.562.0653,252.679.8994,07/01/2015,05:06:07:08:09:10:11:12,05:06:07:08:09:10:11:12,NOTVIRTUAL
73,Person,73A,Bethel Hill Charter,Bethel Hill Charter,Mrs,Jessica,K.,Poole,-,jessica.poole@bethelhill.net,Mr,Joe,B. ,Berryhill,-,hobfarm@centurylink.net,401 Bethel Hill School Road,-,Roxboro,NC,27574,-,-,-,-,-,336.599.2823,336.599.9299,06/30/2000,KG:01:02:03:04:05,KG:01:02:03:04:05:06,NOTVIRTUAL
73,Person,73B,Roxboro Community School,"Roxboro Community School, Inc.",-,David,R,Ebert,-,ebertdr@roxborocs.org,-,Walter,-,Rogers,-,rogersw@roxborocommunityschool.org,115 Lake Drive,-,Roxboro,NC,27573,-,-,-,-,-,336.597.0020,336.419.4436,07/02/2006,06:07:08:09:10:11:12,06:07:08:09:10:11:12,SUPPVIRTUAL
74,Pitt,74C,Winterville Charter Academy,Winterville Charter Academy,Ms,Stacey,-,Ryan,-,104.sryan@nhaschools.com,Mrs,Sarah ,-,Johnson,-,ncsunsister@gmail.com,4160 Bayswater Road,-,Winterville,NC,28590,-,-,-,-,-,252.689.6153,252.360.4576,07/01/2015,KG:01:02:03:04:05:06:07:08,KG:01:02:03:04:05:06:07:08,NOTVIRTUAL
76,Randolph,76A,Uwharrie Charter Academy,Uwharrie Charter Academy,Dr,Sharon,-,Castelli,-,sharon_castelli@uwharriecharter.org,Mr,Carter,-,Bills,-,carter_bills@uwharriecharter.org,5154 US Hwy 220 Business South,-,Asheboro,NC,27205,-,-,-,-,-,336.610.0818,336.610.0815,07/01/2015,KG:01:02:03:04:05:06:07:08:09:10:11:12,KG:01:02:03:04:05:06:07:08:09:10:11:12,NOTVIRTUAL
78,Robeson,78A,CIS Academy,CIS Academy,Mr,Billy,-,Haggans,-,bhaggans@cisacademy.us,Mrs,Lori,-,Dove,-,dove01@srmc.org,818 West 3rd Street,-,Pembroke,NC,28372,PO Box 706,-,Lumberton,NC,28359,910.521.1669,910.521.1670,06/30/1997,6:07:08,6:07:08,NOTVIRTUAL
78,Robeson,78B,Southeastern Academy,Southeastern Academy,Mrs,Kristen,M. ,Stone,-,kstone@southeasternacademy.org,Mrs,Shelley,-,Foil,-,shelleyfoil@yahoo.com,12251 NC HWY 41 North,-,Lumberton,NC,28358,-,-,-,-,-,910.738.7828,910.671.8067,07/01/2013,KG:01:02:03:04:05:06:07:08,KG:01:02:03:04:05:06:07:08,NOTVIRTUAL
78,Robeson,78C,Old Main Stream,Old Main Stream,Dr,Joshua,-,Locklear,-,joshuadwaynelocklear@gmail.com ,Dr,Rose,Marie,Lowry-Townsend,-,rlowrytownsend@bellsouth.net,200 North Odum Street,-,Pembroke,NC,28372,PO Box 128,-,Pembroke ,NC,28372,910.775.9191,910.775.9196,07/01/2021,KG:01:02:03:04,KG:01:02:03:04:05:06:07:08,NOTVIRTUAL
79,Rockingham,79A,Bethany Community School,Bethany Community School,Ms,Vicky,-,Bethel,-,vbethel@bcmschool.com,Mr,David ,-,Heller,-,"board@bcmschool.com, dheller@bcswolves.org",1288 Hudson Rd,-,Summerfield,NC,27358,-,-,-,-,-,336.951.2500,336.951.0087,06/30/2000,06:07:08:09:10:11:12,06:07:08:09:10:11:12,NOTVIRTUAL
80,Rowan,80C,Faith Academy Charter School,Faith Academy,Dr,Sarah,-,Hensley,-,shensley@faithacademync.org,Mr,George ,-,Wilhelm,-,gwilhelm@faithacademync.org,1000 School Street,-,Faith,NC,28041,PO Box 182,-,Faith,NC,28041,704.603.8437,-,07/01/2021,KG:01:02:03:04:05:06:07,KG:01:02:03:04:05:06:07:08:09:10:11:12,NOTVIRTUAL
81,Rutherford,81A,Thomas Jefferson Class Academy,Thomas Jefferson Classical Academy: A Challenge Foundation A,Mrs,Dianna,-,Bridges,-,dbridges@tjca.org,Mr,Ray,-,Maxwell,-,rmaxwell@board.tjca.org,2527 US 221A Hwy,-,Mooresboro,NC,28114,-,-,-,-,-,828.657.9998,828.202.5135,06/30/1999,KG:01:02:03:04:05:06:07:08:09:10:11:12,KG:01:02:03:04:05:06:07:08:09:10:11:12,SUPPVIRTUAL
81,Rutherford,81B,Lake Lure Classical Academy,Lake Lure Classical Academy,Ms,Barbara,-,Cohen,-,bcohen@llcharter.org,Mr,Todd,-,Morse,-,tmorse@board.llcharter.org,1058 Island Creek Rd. ,-,Lake Lure,NC,28746,PO Box 6,-,Lake Lure,NC,28746,828.625.9292,828.625.9298,07/01/2010,KG:01:02:03:04:05:06:07:08:09:10:11:12,KG:01:02:03:04:05:06:07:08:09:10:11:12,NOTVIRTUAL
84,Stanly,84B,Gray Stone Day,Gray Stone Day School,Mrs,Helen,-,Nance,-,hnance@graystoneday.org,Mr,Stephen,-,Chambers,-,schambers@ce-pa.com,49464 Merner Terrace,-,Misenheimer,NC,28109,PO Box 650,-,Misenheimer,NC,28109,704.463.0567,704.463.0569,06/30/2002,06:07:08:09:10:11:12,06:07:08:09:10:11:12,NOTVIRTUAL
86,Surry,86T,Millennium Charter Academy,Millennium Charter Academy,Mr,Kirby,R,McCrary,-,kirbymccrary@mcacademy.com,Mrs,Renee,-,Francis,-,rfsews@yahoo.com,500 Old Springs Rd,-,Mount Airy,NC,27030,-,-,-,-,-,336.789.7570,336.789.8445,07/02/2007,KG:01:02:03:04:05:06:07:08:09:10:11:12,KG:01:02:03:04:05:06:07:08:09:10:11:12,NOTVIRTUAL
87,Swain,87A,Mountain Discovery,Mountain Discovery Charter School,Mr,Carter,-,Petty,-,cpetty@mountaindiscovery.org,Mr,Ken,-,Joseph,-,kjoseph@mountaindiscovery.org,890 Jenkins Branch Rd N,-,Bryson City,NC,28713,-,-,-,-,-,828.488.1222,828.488.0526,06/30/2002,KG:01:02:03:04:05:06:07:08,KG:01:02:03:04:05:06:07:08,NOTVIRTUAL
88,Transylvania,88A,Brevard Academy,Brevard Academy: A Challenge Foundation Academy,Mr,Ted,-,Duncan,-,tduncan@brevardacademy.org,Mr,Mark,-,Campanini,-,mcampanini@brevardacademy.org,1110 Hendersonville Highway,-,Pisgah Forest,NC,28768,-,-,-,-,-,828.885.2665,828.862.3497,06/30/1998,KG:01:02:03:04:05:06:07:08,KG:01:02:03:04:05:06:07:08,NOTVIRTUAL
90,Union,90A,Union Academy,Union Academy Charter School,-,John,D,Marshall,-,jmarshall@unionacademy.org,-,Kevin,-,Sells,-,ksells@uamail.unionacademy.org,675 North ML King Jr Blvd,-,Monroe,NC,28110,-,-,-,-,-,704.238.8883,704.238.8823,06/30/2000,KG:01:02:03:04:05:06:07:08:09:10:11:12:XG,KG:01:02:03:04:05:06:07:08:09:10:11:12:XG,NOTVIRTUAL
90,Union,90B,Union Day School,Union Day School,Dr,Tom,-,Miller,-,Tom.Miller@uniondayschool.com,-,Jim,-,Lovell,-,uniondayschool@gmail.com,3000 TILLEY MORRIS ROAD,-,WEDDINGTON,NC,28104,-,-,-,-,-,704.256.1494,704.612.7045,07/01/2016,KG:01:02:03:04:05:06:07:08,KG:01:02:03:04:05:06:07:08,NOTVIRTUAL
90,Union,90C,Union Prep Academy at Indian Trail,Union Preparatory Academy at Indian Trail,Mrs,Alison,-,Simpson,-,asimpson@indiantrailprep.org,Mrs,Tricia,-,Green,-,tgreen@unionccea.org,2324 Younts Rd,-,Indian Trail,NC,28079,-,-,-,-,-,704.893.3607,704.893.3608,07/01/2016,KG:01:02:03:04:05:06:07:08,KG:01:02:03:04:05:06:07:08,NOTVIRTUAL
90,Union,90D,Monroe Charter Academy,Monroe Charter Academy,Dr,Camela,-,Ford,-,camela.ford@monroecharteracademy.org,-,Jim,-,Stegall,-,jim.stegall@mcalions.org,2850 Old Charlotte Hwy,-,Monroe,NC,28110,-,-,-,-,-,980.210.3627,980.210.3007,07/01/2019,KG:01:02:03:04:05,KG:01:02:03:04:05,NOTVIRTUAL
90,Union,90F,Apprentice Academy High School,Apprentice Academy High School  of North Carolina,-,Barry,-,Ross,-,principal@aahsnc.org,-,John ,-,Jedra,-,john.jedra@aahsnc.org,2505 Weddington Rd.,-,Monroe,NC,28110,-,-,-,-,-,980.313.8610,980.313.8747,07/01/2019,09:10:11:12,08:09:10:11:12,FACEVIRTUAL
91,Vance,91A,Vance Charter School,Vance Charter School,Dr,Brian ,-,Mathis,-,Mathisb@vancecharter.org,-,Johnny,-,Yount,-,yountj@vancecharter.org,2090 ROSS MILL ROAD,-,Henderson,NC,27537,-,-,-,-,-,252.431.0440,252.436.0688,06/30/1999,KG:01:02:03:04:05:06:07:08:09:10:11:12:XG,KG:01:02:03:04:05:06:07:08:09:10:11:12:XG,NOTVIRTUAL
91,Vance,91B,Henderson Collegiate,Henderson Collegiate,Mr,Eric,E.,Sanchez,-,esanchez@hendersoncollegiate.org,Mrs,Stephanie,-,Rogers,-,stephaniehrogers@gmail.com ,1071 Old Epsom Rd,-,Henderson,NC,27536,-,-,-,-,-,252.598.1038,252.598.1037,07/01/2010,KG:01:02:03:04:05:06:07:08:09:10:11:12,KG:01:02:03:04:05:06:07:08:09:10:11:12,NOTVIRTUAL
92,Wake,92B,The Exploris School,The Exploris School,-,Deb Brown,Ethan Burton,Josh Corbat,-,leadership@exploris.org,-,Jerry,-,Hwang,-,jhwang@exploris.org,401 Hillsborough St.,-,Raleigh,NC,27603,-,-,-,-,-,919.715.3690,919.715.2042,06/30/1997,KG:01:02:03:04:05:06:07:08,KG:01:02:03:04:05:06:07:08,NOTVIRTUAL
92,Wake,92D,Magellan Charter,The Magellan Charter School,-,Jessica,-,O'Donovan,-,jodonovan@magellancharter.org,-,Alison ,-,Pulley,-,apulley@magellancharter.org,9324 Baileywick Road,-,Raleigh,NC,27615,-,-,-,-,-,919.844.0277,919.844.3882,06/30/1997,03:04:05:06:07:08,03:04:05:06:07:08,NOTVIRTUAL
92,Wake,92E,Sterling Montessori Academy,Sterling Montessori Academy,-,Josie,-,Spreher,-,jspreher@sterlingmontessori.org,-,Elizabeth ,-,Uzzell ,-,elizabeth.uzzell@lhuf.org,202 Treybrooke Drive,-,Morrisville,NC,27560,-,-,-,-,-,919.462.8889,919.462.8890,06/28/1997,P3:PK:KG:01:02:03:04:05:06:07:08,P3:PK:KG:01:02:03:04:05:06:07:08,NOTVIRTUAL
92,Wake,92F,Franklin Academy,Franklin Academy,-,Denise,-,Kent,-,kentd@franklinacademy.org,-,Robert,-,Luddy,-,bob@captiveaire.com,1127 Chalk Rd,-,Wake Forest,NC,27587,-,-,-,-,-,919.570.8262,919.570.8241,06/30/1998,KG:01:02:03:04:05:06:07:08:09:10:11:12,KG:01:02:03:04:05:06:07:08:09:10:11:12,NOTVIRTUAL
92,Wake,92G,East Wake Academy,East Wake Academy,-,Stephen,-,Gay,-,sgay@eastwakeacademy.org,-,John,-,Broadfoot,-,jbroadfoot@eastwakeacademy.org,821 Charter School Way,-,Zebulon,NC,27597,-,-,-,-,-,919.404.0444,919.823.4040,06/30/1998,KG:01:02:03:04:05:06:07:08:09:10:11:12,KG:01:02:03:04:05:06:07:08:09:10:11:12,NOTVIRTUAL
92,Wake,92K,Raleigh Charter High School,Raleigh Charter High School,-,Lisa,-,Huddleston,-,lhuddleston@raleighcharterhs.org,-,Jameson,-,Marks,-,jmarks@raleighcharterhs.org,1307 Glenwood Avenue,-,Raleigh,NC,27605,-,-,-,-,-,919.715.1155,919.715.1176,06/30/1999,09:10:11:12,09:10:11:12,NOTVIRTUAL
92,Wake,92L,Torchlight Academy,Torchlight Academy,Dr,Cynthia,-,McQueen,-,TLAadministrator@TLAedu.org,Dr,Pam,Banks,Lee,-,pblee0405@aol.com,3211 Bramer Drive,-,Raleigh,NC,27604,-,-,-,-,-,919.850.9960,919.850.9961,06/30/1999,KG:01:02:03:04:05:06:07:08,KG:01:02:03:04:05:06:07:08,NOTVIRTUAL
92,Wake,92M,PreEminent Charter,PreEminent Charter School,Ms,Stephanie,-,Solomon,-,38.ssolomon@nhaschools.com,-,Paulette,-,Jones Leaven,-,deltaecupirate@gmail.com,3815 Rock Quarry Road,-,Raleigh,NC,27610,-,-,-,-,-,919.235.0511,919.235.0514,06/30/2000,KG:01:02:03:04:05:06:07:08,KG:01:02:03:04:05:06:07:08,NOTVIRTUAL
92,Wake,92N,Quest Academy,Quest Academy,Mrs,Elizabeth,-,Readmond,-,ereadmond@questcharter.org,-,Brock,-,Lavrack,-,blavrack@questcharter.org,10908 Strickland Road,-,Raleigh,NC,27615,-,-,-,-,-,919.841.0441,-,06/30/1999,KG:01:02:03:04:05:06:07:08,KG:01:02:03:04:05:06:07:08,NOTVIRTUAL
92,Wake,92P,Southern Wake Academy,Southern Wake Academy,Dr,Brittany,-,Ray,-,brittany.ray@swake.org,Ms,Robin,-,Henderson,-,robin.henderson@swake.org,5108 Old Powell Rd,-,Holly Springs,NC,27540,-,-,-,-,-,919.567.9955,919.285.3873,06/28/2000,06:07:08:09:10:11:12,06:07:08:09:10:11:12,NOTVIRTUAL
92,Wake,92R,Casa Esperanza Montessori Charter School,Casa Esperanza Montessori Charter School,Ms,GeRita,-,Connor,-,gconnor@cemcs.org,Mrs,Monique,-,Taylor,-,mntaylor@cemcs.org,2600 Sumner Blvd #130,-,Raleigh,NC,27616,-,-,-,-,-,919.855.9811,919.855.9813,06/30/2003,PK:KG:01:02:03:04:05:06:07:08,PK:KG:01:02:03:04:05:06:07:08,NOTVIRTUAL
92,Wake,92S,Endeavor Charter School,Endeavor Charter School,Mrs,Christi,-,Whiteside,-,cwhiteside@endeavorcharter.com,Mr,Bill,-,Kroll,-,bkroll@endeavorcharter.com,4879 One World Way,-,Wake Forest,NC,27587,-,-,-,-,-,919.848.0333,919.848.8716,07/01/2008,KG:01:02:03:04:05:06:07:08,KG:01:02:03:04:05:06:07:08,NOTVIRTUAL
92,Wake,92T,Triangle Math and Science Academy,Triangle Math and Science Academy,Mr,Mithat,-,Karabulut,-,principal@tmsacademy.org,Dr,Terrence,W,Thomas,-,tthomas@tmsapcs.org,312 Gregson Dr.,-,Cary,NC,27511,-,-,-,-,-,919.388.0077,919.651.1418,07/01/2012,KG:01:02:03:04:05:06:07:08:09:10:11:12,KG:01:02:03:04:05:06:07:08:09:10:11:12,NOTVIRTUAL
92,Wake,92U,Longleaf School of the Arts,Longleaf School of the Arts,Mrs,Johneka,-,Williams,-,williams@longleafschool.com,Ms,Elizabeth,-,Grovenstein,-,grovenstein@longleafschool.com,322 Chapanoke Road,-,Raleigh,NC,27603,-,-,-,-,-,919.896.8164,919.516.0923,07/01/2013,09:10:11:12,09:10:11:12:XG,SUPPVIRTUAL
92,Wake,92V,Wake Forest Charter Academy,Wake Forest Charter Academy,Dr,Brandi ,-,Gill,-,99.bgill@nhaschools.com,Mrs,Hilda ,-,Parler,-,hilda.wakeforestca@gmail.com,1851 Friendship Chapel Rd,-,Wake Forest,NC,27587,-,-,-,-,-,919.263.8673,919.882.9038,07/01/2014,KG:01:02:03:04:05:06:07:08,KG:01:02:03:04:05:06:07:08,NOTVIRTUAL
92,Wake,92W,Cardinal Charter Academy,Cardinal Charter Academy,Mrs,April,-,Goff,-,agoff@cardinalcharter.org,-,Allen,-,Taylor,-,ataylorjr@gmail.com,1020 St. Charles Place,-,Cary,NC,27513,-,-,-,-,-,919.653.5000,919.653.6000,07/01/2014,KG:01:02:03:04:05:06:07:08,KG:01:02:03:04:05:06:07:08:09:10:11:12,NOTVIRTUAL
92,Wake,92Y,Envision Science Academy,Envision Science Academy,Dr,Charles,-,Fuller,-,cfuller@envisionscienceacademy.com,Mr,Ryan,-,Cotterman,-,rcotterman@envisionscienceacademy.com,590 Traditions Grande Blvd,-,Wake Forest,NC,27587,-,-,-,-,-,919.435.4002,919.307.4308,07/01/2014,KG:01:02:03:04:05:06:07:08,KG:01:02:03:04:05:06:07:08,NOTVIRTUAL
93,Warren,93A,Haliwa-Saponi Tribal School,Haliwa-Saponi Tribal School,Mr,WARREN,KEITH,BELL,-,warren.bell@hstsedu.org,Rev,Gideon,-,Lee,-,gideongid@hughes.net,130 Haliwa-Saponi Trail,-,Hollister,NC,27844,-,-,-,-,-,252.257.5853,252.257.1093,06/30/2000,KG:01:02:03:04:05:06:07:08:09:10:11:12,KG:01:02:03:04:05:06:07:08:09:10:11:12,NOTVIRTUAL
92,Wake,93J,RISE Southeast Raleigh Charter,RISE Southeast Raleigh Charter School,Ms,Dawn,-,Arthur,-,admin@risese.org,-,Kwan,-,Graham,-,kwan@pefnc.org,3420 Idlewood Village Dr,-,Raleigh,NC,27610,-,-,-,-,-,919.446.4777,919.800.3054,07/01/2015,KG:01:02:03:04:05:06:07,KG:01:02:03:04:05:06:07:08,NOTVIRTUAL
92,Wake,93L,Central Wake High School,Central Wake High School,Mr,Thomas,-,Hanley,-,Tom.Hanley@als-education.com,Mr,Asa,-,Fleming,-,Asafleming@gmail.com,1425 Rock Quarry Road ,-,Raleigh,NC,27610,-,-,-,-,-,919.521.5067,919.890.3286,07/01/2016,09:10:11:12,09:10:11:12,NOTVIRTUAL
92,Wake,93M,Peak Charter Academy,Peak Charter Academy,Mr,Steven,-,Pond,-,107.spond@nhaschools.com,-,Scott ,-,Iden,-,siden@nc.rr.com,1601 Orchard Villas Ave,-,Apex,NC,27502,-,-,-,-,-,919.377.1552,919.589.4860,07/01/2017,KG:01:02:03:04:05:06:07:08,KG:01:02:03:04:05:06:07:08,NOTVIRTUAL
92,Wake,93N,Pine Springs Preparatory Academy,Pine Springs Preparatory Academy,-,Bruce,-,Friend,-,bfriend@pinespringsprep.org,-,Prisciila,-,Maynor,-,pmaynor@pinespingsprep.org,220 Rosewood Centre Dr,-,Holly Springs,NC,27540,-,-,-,-,-,919.439.9448,-,07/01/2017,KG:01:02:03:04:05:06:07:08,KG:01:02:03:04:05:06:07:08,SUPPVIRTUAL
92,Wake,93P,Rolesville Charter Academy,Rolesville Charter Academy,-,Shayla,-,Lowman,-,109.slowman@nhaschools.com,-,Lisa,-,Kane,-,rolesvillecharteracademy@gmail.com,908 Eagle Scholars Drive,-,Rolesville,NC,27571,-,-,-,-,-,919.263.1422,919.882.8872,07/01/2018,KG:01:02:03:04:05:06:07:08,KG:01:02:03:04:05:06:07:08,NOTVIRTUAL
92,Wake,93Q,Carolina Charter Academy,Carolina Charter Academy: CFA,-,Maria,-,Mills,-,mmills@carolinacharter.org,-,Nolan,-,Perry,-,nperry@carolinacharter.org,8529 NC Highway 55,-,Angier,NC,27501,8529 NC Highway 55,-,Angier,NC,27501,984.300.3015,984.300.1003,07/01/2019,KG:01:02:03:04:05:06:07:08,KG:01:02:03:04:05:06:07:08,NOTVIRTUAL
92,Wake,93R,Raleigh Oak Charter,Raleigh Oak Charter School,-,Angela,-,Dawson,-,adawson@raleighoakcharter.org,-,Jeremy,-,Altfeder,-,jaltfeder@raleighoakcharter.org,9400 Forum Drive ,-,Raleigh,NC,27615,-,-,-,-,-,919.424.7626,919.424.7630,07/01/2018,KG:01:02:03:04:05:06:07,KG:01:02:03:04:05:06:07:08,NOTVIRTUAL
92,Wake,93T,Cardinal Charter Acad at Wendell Falls,Cardinal Charter Academy at Wendell Falls,Mr,Jack,-,Zellmer,-,jzellmer@ccawendellfalls.org,Mr,Allen ,-,Taylor,-,ataylor@TriangleCharterEducationAssociation.org,6041 Taylor Rd.,-,Wendell,NC,27591,-,-,-,-,-,919.752.8870,919.752.8871,07/01/2020,KG:01:02:03:04:05:06:07,KG:01:02:03:04:05:06:07:08,NOTVIRTUAL
92,Wake,93V,Doral Academy of North Carolina,Doral Academy of North Carolina,Mrs,Annaliet,-,Echaniz,-,aechaniz@doralacademync.com,Mr,David,-,Correa,-,David.Correa312@gmail.com,7001 Destiny Drive,-,Raleigh,NC,27604,-,-,-,-,-,919.874.1001,919.874.1002,07/01/2021,KG:01:02:03,KG:01:02:03:04:05:06:07:08,NOTVIRTUAL
94,Washington,94A,Pocosin Innovative Charter,Pocosin Innovative Charter,-,David,-,Mahaley,-,dmahaley@pocosininnovative.org,-,Stephanie ,-,Phelps,-,sphelps.pocosin@gmail.com,500 1st St,-,Creswell,NC,27928,PO Box 265,-,Creswell,NC,27928,252.797.0230,888.727.6102,07/01/2019,KG:01:02:03:04:05:06:07:08,KG:01:02:03:04:05:06:07:08,NOTVIRTUAL
95,Watauga,95A,Two Rivers Community School,Two Rivers Community School,Dr,Natalie,-,Oransky,-,natalie@trcsboone.org,-,April,-,Flanders,-,aflanders@tworiverscommunityschool.net,1018 Archie Carroll Road,-,Boone,NC,28607,-,-,-,-,-,828.262.5411,828.262.5412,07/02/2005,KG:01:02:03:04:05:06:07:08,KG:01:02:03:04:05:06:07:08,NOTVIRTUAL
96,Wayne,96C,Dillard Academy,Dillard Academy Charter School,Mrs,Carole,-,Battle,-,cbattle@dillardacademy.org,Mrs,Janet,-,Ward,-,wardjanet30@gmail.com,504 West Elm Street,-,Goldsboro,NC,27530,PO Box 1188,-,Goldsboro,NC,27533,919.581.0128,919.581.0122,06/30/1998,KG:01:02:03:04:05:06:07:08,PK:KG:01:02:03:04:05:06:07:08,NOTVIRTUAL
96,Wayne,96F,Wayne Preparatory Academy,Wayne Preparatory Academy,Mr,John,E.,Twitty,Sr,jtwitty@wpanc.org,Mrs,Amanda,-,Wells,-,awells@wpanc.org,600 Tommy's Road,Cottage B,Goldsboro,NC,27530,-,-,-,-,-,919.734.8085,919.734.8086,07/01/2014,KG:01:02:03:04:05:06:07:08:09:10:11,KG:01:02:03:04:05:06:07:08:09:10:11:12,NOTVIRTUAL
98,Wilson,98A,Sallie B Howard School,Sallie B Howard School of Arts and Science,Dr,JoAnne,-,Woodard,-,"jwoodard@sallieb.net, sandeep@sallieb.net",Mr,Maurice,-,Barnes,-,maurice.barnes@sallieb.net,1004 Herring Avenue E,-,Wilson,NC,27893,-,-,-,-,-,252.293.4150,252.293.4151,06/30/1997,KG:01:02:03:04:05:06:07:08:09:10:11,KG:01:02:03:04:05:06:07:08:09:10:11:12,NOTVIRTUAL
98,Wilson,98B,Wilson Preparatory Academy,Wilson Preparatory Academy,-,Daryl ,-,Woodard,-,dwoodard@wilsonprep.org,Dr,Curtis,-,Lee,-,clee7@suddenlink.net,2755 Tilghman Rd N,-,Wilson,NC,27896,PO Box 233,-,Wilson,NC,27894,252.294.2533,252.294.2534,07/01/2014,KG:01:02:03:04:05:06:07:08:09:10:11:12,KG:01:02:03:04:05:06:07:08:09:10:11:12,NOTVIRTUAL